id,length,residue,dssp8,dssp3
0,455,MHHHHHHENLYFQSHQGPEVTLITANAEGIEGGKTTIKSRSVDVGVVESATLADDLTHVEIKARLNSGMEKLLHKDTVFWVVKPQIGREGISGLGTLLSGVYIELQPGAKGSKMDKYDLLDSPPLAPPDAKGIRVILDSKKAGQLSPGDPVLFRGYRVGSVETSTFDTQKRNISYQLFINAPYDRLVTNNVRFWKDSGIAVDLTSAGMRVEMGSLTTLLSGGVSFDVPEGLDLGQPVAPKTAFVLYDDQKSIQDSLYTDHIDYLMFFKDSVRGLQPGAPVEFRGIRLGTVSKVPFFAPNMRQTFNDDYRIPVLIRIEPERLKMQLGENADVVEHLGELLKRGLRGSLKTGNLVTGALYVDLDFYPNTPAITGIREFNGYQIIPTVSGGLAQIQQRLMEALDKINKLAAAAAAAAAAAAAAAAAAAAAAAAAAAAAAAAAAAAAAAAAAAAAAAAA,CCCCCCCCCCCCCCCCCCEEEEEESCCTTCCTTTCEEEETTEEEEEEEEEEECTTSSSEEEEEEECGGGGGGCTTTCEEEECCCCBSSSCBCCSSHHHHCCCEEEECCSSCCCCCSCCEEESCCCSSSSCCSEEEEEECSCCTTCCTTCEEEETTEEEEEEEEEEECTTTCCEEEEEEECSTTGGGCBTTCEEEEECSCEEECCSSCCEEECCHHHHHHSCEEEEECCSSCCCCCBCCTTCEEECBSSHHHHHHHTTCCCEEEEEEECSCCCSCCTTCEEEETTEEEEEECCSSCCCHHHHHHHHHHCSEEEEEEECGGGTCCCCCCCCCHHHHHHHHHTTTCCEEEEESSSSSCCEEEEECCCCCCCCCCCCCCCCCSCEECBCCCHHHHHHHHHHHHHHHHHTCCHHHHHHHHHHHHHHHHHHHHHHHHHHHHHHHCCCCCCCCCCCCCCCCC,CCCCCCCCCCCCCCCCCCEEEEEECCCCCCCCCCCEEEECCEEEEEEEEEEECCCCCCEEEEEEECHHHHHHCCCCCEEEECCCCECCCCECCCCHHHHCCCEEEECCCCCCCCCCCCEEECCCCCCCCCCCEEEEEECCCCCCCCCCCEEEECCEEEEEEEEEEECCCCCCEEEEEEECCCCHHHCECCCEEEEECCCEEECCCCCCEEECCHHHHHHCCEEEEECCCCCCCCCECCCCCEEECECCHHHHHHHCCCCCEEEEEEECCCCCCCCCCCEEEECCEEEEEECCCCCCCHHHHHHHHHHCCEEEEEEECHHHCCCCCCCCCCHHHHHHHHHCCCCCEEEEECCCCCCCEEEEECCCCCCCCCCCCCCCCCCCEECECCCHHHHHHHHHHHHHHHHHCCCHHHHHHHHHHHHHHHHHHHHHHHHHHHHHHHCCCCCCCCCCCCCCCCC
1,670,MSAETVNNYDYSDWYENAAPTKAPVEVIPPCDPTADEGLFHICIAAISLVVMLVLAILARRQKLSDNQRGLTGLLSPVNFLDHTQHKGLAVAVYGVLFCKLVGMVLSHHPLPFTKEVANKEFWMILALLYYPTLYYPLLACGTLHNKVGYVLGSLLSWTHFGILVWQKVDCPKTPQIYKYYALFGSLPQIACLAFLSFQYPLLLFKGLQNTETANASEDLSSSYYRDYVKKILKKKKPTKISSSTSKPKLFDRLRDAVKSYIYTPEDVFRFPLKLAISVVVAFIALYQMALLLISGVLPTLHIVRRGVDENIAFLLAGFNIILSNDRQEVVRIVVYYLWCVEICYVSAVTLSCLVNLLMLMRSMVLHRSNLKGLYRGDSLNVFNCHRSIRPSRPALVCWMGFTSYQAAFLCLGMAIQTLVFFICILFAVFLIIIPILWGTNLMLFHIIGNLWPFWLTLVLAALIQHVASRFLFIRKDGGTRDLNNRGSLFLLSYILFLVNVMIGVVLGIWRVVITALFNIVHLGRLDISLLNRNVEAFDPGYRCYSHYLKIEVSQSHPVMKAFCGLLLQSSGQDGLSAQRIRDAEEGIQLVQQEKKQNKVSNAKRARAHWQLLYTLVNNPSLVGSRKHFQCQSSESFINGALSRTSKEGSKKDGSVKEPNKEAESAAASN,CCCCCCCCCCCCCCCCCCCCCCCCCCCCCCCHHHHHHHHHHHHHHHHHHHHHHHHHHHTTTTTCSTTBCSSSCCBCCSCTTCSSSCCHHHHHHHHHHHHHHHHHHHSSCCCCSSSCCSSTTGGGTGGGTTHHHHTHHHHHGGGTCSHHHHHHHHHHHHHHHHHHHHHHHSCCCCSSSCTTHHHHHTHHHHHHHHHHHTTHHHHHHGGGGSCSSSCCCTTCCCHHHHHHHHHHHHTTTTCSCCCCCCCCTTTSHHHHHHHHHCCCCCCSCCCCHHHHHHHHHHHHHHHHHHHHHHHHHTHHHHHHHHCCCHHHHHHHHHTTSCCCSCTTTHHHHHHHHHHHHHHHHHHHHHHHHHHHHHHHHHHHHHHHHHHHHHHHTCSSSHHHHTSCCCCCHHHHHHHTTSHHHHHHHHHHHHHHHHHHHHHHHHHHIIIIIHHHHTCSCCTTTTTGGGSTTHHHHHHHHHHHHHHHIIIIIEEECGGGCEEECCSHHHHHHHHTHHHHHHHHHHHHHHHHHHHHHHHHHGGGCSSSCSSCGGGGGGCHHHHHHHHHHHHHHTTCCTTHHHHHHHHHTTTTTCCCCCCCCCCCCCCCCCCCCCCCCCHHHHHHHHHHHHHHHHHHHHCGGGTHHHHTTCCCCCCCCCCCCCCCCCCCCCCCCCCCCCCCCCCCCCCCCC,CCCCCCCCCCCCCCCCCCCCCCCCCCCCCCCHHHHHHHHHHHHHHHHHHHHHHHHHHHCCCCCCCCCECCCCCCECCCCCCCCCCCCHHHHHHHHHHHHHHHHHHHCCCCCCCCCCCCCCCHHHCHHHCCHHHHCHHHHHHHHCCCHHHHHHHHHHHHHHHHHHHHHHHCCCCCCCCCCCHHHHHCHHHHHHHHHHHCCHHHHHHHHHHCCCCCCCCCCCCCHHHHHHHHHHHHCCCCCCCCCCCCCCCCCCHHHHHHHHHCCCCCCCCCCCHHHHHHHHHHHHHHHHHHHHHHHHHCHHHHHHHHCCCHHHHHHHHHCCCCCCCCCCCHHHHHHHHHHHHHHHHHHHHHHHHHHHHHHHHHHHHHHHHHHHHHHHCCCCCHHHHCCCCCCCHHHHHHHCCCHHHHHHHHHHHHHHHHHHHHHHHHHHHHHHHHHHHCCCCCCCCCCHHHCCCHHHHHHHHHHHHHHHHHHHHEEECHHHCEEECCCHHHHHHHHCHHHHHHHHHHHHHHHHHHHHHHHHHHHHCCCCCCCCHHHHHHCHHHHHHHHHHHHHHCCCCCCHHHHHHHHHCCCCCCCCCCCCCCCCCCCCCCCCCCCCCCHHHHHHHHHHHHHHHHHHHHCHHHCHHHHCCCCCCCCCCCCCCCCCCCCCCCCCCCCCCCCCCCCCCCCCCC
2,1494,ETGQVAASPSINVALKAAFPSPPYLVELLETAASDNTTIYYSLLDRIAKGHFAEATTDKALYEKFLEVLRDDGHMDPEALSAFKLALSLRTATPRVEAHYQYYTATVEPSLSGTQEGCDQWFLIDGEQYCSPTLDTSHGKVKGEDQLRTLPFDRKFGVGSRDVILYADITSKSFAPFHEVAMDLAKKGKASYRVRYRRSPSHSRESLSVNGYGVELVLKRTDYIVIDDRDTGAAAKPAEENDQKPLVGHETVLDDGEEIADIKPLEKSELAALGMKAASFVMQSEKPFEALLKLTQDFPKYSNSLGSQNVSAEFEAEHRGNREVFLPEGSNVLWLNGLHLIDRQIQPFGLVDLLTRERKLIKSVLDLGLTGQQAVDLLGHAEVAHAKSGDDEPRRFDWRDDIEEGQVIIWLNNLEKDKRYKSFSPSIWVLIHHFGHGLPQIRRDVFNLVVPVDLTKADDVKIVVEGLLSFVKRLIPVRFGFVPLTPTGQAIDQAKVVYYLLENYGLAAATAYLEKSYEEQSTGQPNERIFNEVIKDKSLRPDGVELSFKDIFISEKHEKQIHLSKHWVERLRAGGDVPTVFFDGFPIPRECNWLRVMNHRLMQDLQALQQAGYFGMLNESMWLPGFFLEKALSRRNTLIFPEDKNELTVLNVNKIYIENHDLMSKVPVIEASKESTRDDWAALTVVADLDDIEGQELVYYALRFRKSNDGVRLDIVHNPKDTSRSPSVLAQRLKSREDKLLDFTRFLDLETALETGEFEPDVAYDASLANFLASSNMKAGDNFVILNGRVLGPITSADDFKKEDFEVFLQAERRTRILPVYKALEDLGLDDKVSGPLSAAKLTSVTALSTISDLPQGIFDNAPTVRTTLFKQWNSTYTSFEVGDASTATIFFVAVINPASEIGQRWVAVLKVLSELEGVHLRVFLNPTVMIEELPVKRFYRYVLSSSPSFDESGKVKALSARFTGVPRETLLVVGMDVPPAWLVTSKVAVDDLDNLRIKDIKAKRGTEHVEAIYELEHILIEGHSREIPCAHAPRGVQLVLETENNPHFADTIIMANLGYFQFKANPGVYNIRLKEGRSSEIFTLESVGAKGWGPIPGDDNTEVVLMDFQGTTLYPRLRRKPGMEEEDVLEPSTKSGEESGSGARNLVSRGIKFAEGLLGRGNKAAEATKSVSKTEHAEINIFSVASGHLYERMLNIMMASVMHHTNHTVKFWFIEQFLSPSFKDFIPHMAAEYGFKYEMVTYKWPHWLRQQKEKQREIWGYKILFLDVLFPLSLDKVIFVDADQIVRTDMYDLVEHPLDGAPYGFAPMCDSRVEMEGYRFWKTGYWANYLKGKPYHISALYVVDLQRFRELAAGDRLRQQYHALSADPNSLANLDQDLPNHMQFTIPIATLPQEWLWCETWCSDETLKDARTIDLCNNPMTKEPKLDRARRQVPEWTKYDEEIAELARRVREEKPKKKEEEKVQKNPKSRRLDGDEEEVKTVREGTKHHHHHH,CCCCCCCCCEEEEEEEEEEECCCHHHHHHHHHSSSCHHHHHHHHHHHHTTGGGSCCSHHHHHHHHHHHHHHHTSCCHHHHHHHHHHHHHTTTHHHHHHHHHHIIIIIGGGSCSCCSSCSSEEEETTEEESSTTCCCCCCBCCSSCSCSCCTTCCCBSCCSEEEEEEECCSSTTSHHHHHHHHHHHHHTSEEEEEEECCCTTSCCCEEECCSEEEEEEESCCCCCCCCCCCCCCCCCCCCCCCCCCCCCCCCCCCCCCCCCSSCCCCCSCCTTHHHHHHHHHHHHSSHHHHHHHHHHSGGGGSTTSSCSSCCCTTTTTTHHHHHHSCCTTCCEEEETTEEECGGGCSHHHHHHHHHHHHHHHHHHGGGSCCHHHHHHHHTCHHHHHHHHHTTSCCCBCCCSGGGTTCSCCCSCCSSSCSSSTTSCCCHHHHHSCCSSSCCCCSSCCCEEEEEEESSCHHHHHIIIIIIHHHHHTTCSCEEEEEEECSSHHHHHHHHHHHHHHHTTCHHHHHHHHHHHHHHTCSSSCCHHHHHHHHHHHTSCCCSSCCCCSCCCCTTIIIIIHHHHHHHHHHTTCCSSSCEEEETTEEEESCSSHHHHHHHHHHHHHHHHHHHHHTTCCCSSCCSGGGTTTSCBSSCCTTTSCSSTTCCEECCHHHHHHHTHHHHTSSCEECCCSSCCTTTCEEEEEEECTTSHHHHHHHHHHHHHHHHCTTEEEEEEECCSCCSSCHHHHHHHHHHSGGGTTCCSSHHHHHHHHHCCCCCCCHHHHHHHHHHHHHTTCCTTCEEEEETTEEEEEESCTTSSCHHHHHHHHHHHIIIIIHHHHHHHHHHTCTTSCCSHHHHHHHHHHHHHHTCCSSCTTTSCSCCCCCCCTTSSSCCTTTEEEESCTTTCSEEEEEEECTTCSHHHHHHHHHHHHHTSTTEEEEEEECCCSCCSSCSCCEEEEEECCSSCCBCTTSCBCCCCEEEESCCSSCCEEEEEECCTTEEEEEEECSSCSSSBCHHHHHHHHSCSCEEEEEEEEEEEEEEECEEESSCCCCTTCEEEEECSSCSCSEEEECCSGGGEEEEEECSEEEEEEECTTHHHHHEEEEECCCSCSSCCTTCCCCEEEECSTTCEEECCEEEECTTCCCCTTSCCCCCCCCCCCCCCCCCCCCCCCCCCCCCCCCCCCCCCCCCHHHHHSCSEEEEECCCSHHHHHHHHHHHHHHHHTCSSCEEEEEEGGGSCHHHHHHHHHHHHHHTCEEEEECCCCCSSSCCCSSHHHHHHHHHHTTHHHHSCTTCCCEEEECTTCEECSCTHHHHHSCCTTCSEEEEECCCCCSSCGGGCGGGSHHHHHHSSSCCCEEEEEEEECHHHHHHHTHHHHHHHHHHHHTTSTTSCSSHHHHHHHHTTTTSCEEECCGGGCBCTTTSCTTGGGGCCEECCCCCSSSCCCHHHHHHHHCTTHHHHHHHHHHHHHHHHTCCCCCCCCCCCCCCCCCCCCCCCCCCCCCCCCCCCCCCCCC,CCCCCCCCCEEEEEEEEEEECCCHHHHHHHHHCCCCHHHHHHHHHHHHCCHHHCCCCHHHHHHHHHHHHHHHCCCCHHHHHHHHHHHHHCCCHHHHHHHHHHHHHHHHHHCCCCCCCCCCEEEECCEEECCCCCCCCCCECCCCCCCCCCCCCCCECCCCEEEEEEECCCCCCCHHHHHHHHHHHHHCCEEEEEEECCCCCCCCCEEECCCEEEEEEECCCCCCCCCCCCCCCCCCCCCCCCCCCCCCCCCCCCCCCCCCCCCCCCCCCCCCHHHHHHHHHHHHCCHHHHHHHHHHCHHHHCCCCCCCCCCCCCCCCCHHHHHHCCCCCCCEEEECCEEECHHHCCHHHHHHHHHHHHHHHHHHHHHCCCHHHHHHHHCCHHHHHHHHHCCCCCCECCCCHHHCCCCCCCCCCCCCCCCCCCCCCCHHHHHCCCCCCCCCCCCCCCEEEEEEECCCHHHHHHHHHHHHHHHHCCCCCEEEEEEECCCHHHHHHHHHHHHHHHCCCHHHHHHHHHHHHHHCCCCCCCHHHHHHHHHHHCCCCCCCCCCCCCCCCCCHHHHHHHHHHHHHHHCCCCCCCCEEEECCEEEECCCCHHHHHHHHHHHHHHHHHHHHHCCCCCCCCCCHHHCCCCCECCCCCCCCCCCCCCCEECCHHHHHHHCHHHHCCCCEECCCCCCCCCCCEEEEEEECCCCHHHHHHHHHHHHHHHHCCCEEEEEEECCCCCCCCHHHHHHHHHHCHHHCCCCCCHHHHHHHHHCCCCCCCHHHHHHHHHHHHHCCCCCCCEEEEECCEEEEEECCCCCCCHHHHHHHHHHHHHHHHHHHHHHHHHHCCCCCCCCHHHHHHHHHHHHHHCCCCCCCCCCCCCCCCCCCCCCCCCCCCCEEEECCCCCCCEEEEEEECCCCCHHHHHHHHHHHHHCCCCEEEEEEECCCCCCCCCCCCEEEEEECCCCCCECCCCCECCCCEEEECCCCCCCEEEEEECCCCEEEEEEECCCCCCCECHHHHHHHHCCCCEEEEEEEEEEEEEEECEEECCCCCCCCCEEEEECCCCCCCEEEECCCHHHEEEEEECCEEEEEEECCCHHHHHEEEEECCCCCCCCCCCCCCCEEEECCCCCEEECCEEEECCCCCCCCCCCCCCCCCCCCCCCCCCCCCCCCCCCCCCCCCCCCCCCCCCCHHHHHCCCEEEEECCCCHHHHHHHHHHHHHHHHCCCCCEEEEEEHHHCCHHHHHHHHHHHHHHCCEEEEECCCCCCCCCCCCCHHHHHHHHHHCCHHHHCCCCCCCEEEECCCCEECCCCHHHHHCCCCCCCEEEEECCCCCCCCHHHCHHHCHHHHHHCCCCCCEEEEEEEECHHHHHHHCHHHHHHHHHHHHCCCCCCCCCHHHHHHHHCCCCCCEEECCHHHCECCCCCCCCHHHHCCEECCCCCCCCCCCHHHHHHHHCCCHHHHHHHHHHHHHHHHCCCCCCCCCCCCCCCCCCCCCCCCCCCCCCCCCCCCCCCCCC
3,358,MAHHHHHHMAISPRDEQNRSVDLWFAYKVPKLTKDADSDSASGYEYVYYDRQVGAVQKSPNLMNDPKGALFYTLDSVFGDPGDTTGWILYNDEMPADANRSNNATLGHTKGVIAFDIASSSALWLLHSWPKYASPSVPGVPTPLYGQTFLCLSLDLATAGKLAAQMALHQQPQVYLPRTGGLDHTSPLYALTQPLNASAPGDSDSLDFKTRGGVPFKVIAKNRKWGKDFWNDLVGPTLKADMYVETWIRGKIPPVLDSDGVHKTYDIKFIDLRKLGAPWAWPETQDHAKWGITTTDNWVCVGDINRMVTQEKRGGGTIAFQDPKLWKALCETDLIIPPPGKTDAQARAMIRKTHEPAE,CCCCCCCCCCCCCBCTTSCBCSEEEEEECCCEEEETTEEEECSCCEEEECTTTCSCEECSSCTTSSCSHHHHHHHHHHSSCCTTEEEEEECSSCCGGGCCCCCTTSCCCCEEEEEETTTTEEEEEECCCTTCCCSSSCSCCCCSSBEEEEEEEEEHHHHHHHHHHHHHTTCCCEEEEECTTCCTTSHHHHTTSCCCCCCSSSEEEEEEECTTCCEEEEEEECTTCCSCIIIIIIHHHHTSCBCCTTCCCSCCCCEECTTSCEECCCCEEEECGGGTCCCEEEGGGBCCCEEEBSSTTEEEEESCCSCSCCCSCCEEEEEEECHHHHHHHHTTEEECCCTTCCHHHHHHHHHHTTCCCC,CCCCCCCCCCCCCECCCCCECCEEEEEECCCEEEECCEEEECCCCEEEECCCCCCCEECCCCCCCCCCHHHHHHHHHHCCCCCCEEEEEECCCCCHHHCCCCCCCCCCCCEEEEEECCCCEEEEEECCCCCCCCCCCCCCCCCCCEEEEEEEEEEHHHHHHHHHHHHHCCCCCEEEEECCCCCCCCHHHHCCCCCCCCCCCCEEEEEEECCCCCEEEEEEECCCCCCCHHHHHHHHHHCCCECCCCCCCCCCCCEECCCCCEECCCCEEEECHHHCCCCEEEHHHECCCEEEECCCCEEEEECCCCCCCCCCCCEEEEEEECHHHHHHHHCCEEECCCCCCCHHHHHHHHHHCCCCCC
4,165,MHHHHHHENLYFQTSIRTEPTYTLYATFDNIGGLKARSPVSIGGVVVGRVADITLDPKTYLPRVTLEIEQRYNHIPDTSSLSIRTSGLLGEQYLALNVGFEDPELGTAILKDGDTIQDTKSAMVLEDLIGQFLYGSKGDDNKNSGDAPAAAPGNNETTEPVGTTK,CCCCCCCCCCCCCCCCCCCCEEEEEEECSCCTTCCTTCEEEETTEEEEEEEEEEECTTTCCEEEEEEEETTCCCCBTTCEEEEEESTTTSCEEEEEECCCCCCCCCCCBCCTTEECCCEECCCCHHHHHHHHHCCCCCCCCCCCCCCCCCCCCCCCCCCCCCCCC,CCCCCCCCCCCCCCCCCCCCEEEEEEECCCCCCCCCCCEEEECCEEEEEEEEEEECCCCCCEEEEEEEECCCCCCECCCEEEEEECCCCCCEEEEEECCCCCCCCCCCECCCCEECCCEECCCCHHHHHHHHHCCCCCCCCCCCCCCCCCCCCCCCCCCCCCCCC
5,346,MGHHHHHHGGSENLYFQGNEDILKASATQSAVAGTYQIQVNSLATSSKIALQAIADPANAKFNSGTLNISVGDTKLPAITVDSSNNTLAGMRDAINQAGKEAGVSATIITDNSGSRLVLSSTKTGDGKDIKVEVSDDGSGGNTSLSQLAFDPATAPKLSDGAAAGYVTKAANGEITVDGLKRSIASNSVSDVIDGVSFDVKAVTEAGKPITLTVSRDDAGVKDNVKKFVEAYNTLTKFINEQTVVTKVGEDKNPVTGALLGDASVRALVNTMRSELIASNENGSVRNLAALGITTTKDGTLEIDEKKLDKAISADFEGVASYFTGDTGLAKRLGDKMKPYTDAQGI,CCCCCCCCCCCCCCCCCCCCCCSEEEEESSCCCEEEEEEEEECCBEEEEECCCBSSTTSCCBCSEEEEEEETTEECCCEEECTTTCSHHHHHHHHHHHSTTTTEEEEEEEETTEEEEEEEEEEESTTCCEEEEEEECSCSSSBCSGGGCBCTTTCCBCCSSSSCEEEECCBCEEEEETTEEEEESSSEEESSSTTEEEEECSCCCTTCCEEEEECSCCCTTSSTHHHHHHHHHHHHHTTTTSSSCCCCCCCCCCCCCCCCCCCCCCCCCCCCCCCCCCCCCCCCCCCCCCCCCCCCCCCCCCCCCCCCCCCCCCCCCCCCCCCCCCCCCCCCCCCCCCCCCCCCCC,CCCCCCCCCCCCCCCCCCCCCCCEEEEECCCCCEEEEEEEEECCEEEEEECCCECCCCCCCECCEEEEEEECCEECCCEEECCCCCCHHHHHHHHHHHCCCCCEEEEEEEECCEEEEEEEEEEECCCCCEEEEEEECCCCCCECCHHHCECCCCCCECCCCCCCEEEECCECEEEEECCEEEEECCCEEECCCCCEEEEECCCCCCCCCEEEEECCCCCCCCCCHHHHHHHHHHHHHCCCCCCCCCCCCCCCCCCCCCCCCCCCCCCCCCCCCCCCCCCCCCCCCCCCCCCCCCCCCCCCCCCCCCCCCCCCCCCCCCCCCCCCCCCCCCCCCCCCCCCCCCCCCC
6,76,SRGPSNGQSVLENSVQVKETSPRRVSVDPQTGEFVVFDRTLGDVYHGHVRAWKDLTSDAQNALVRGGYVDRKGNPK,CCCCSSHHHHHHTCEEEETTEEEEEEECTTTCCEEEEEEEETTEEEEEEECGGGSCHHHHHHHHTTTSCCCCCCCC,CCCCCCHHHHHHCCEEEECCEEEEEEECCCCCCEEEEEEEECCEEEEEEECHHHCCHHHHHHHHCCCCCCCCCCCC
7,106,MGAEEEDTAILYPFTISGNDRNGNFTINFKGTPNSTNNGCIGYSYNGDWEKIEWEGSCDGNGNLVVEVPMSKIPAGVTSGEIQIWWHSGDLKMTDYKALEHHHHHH,CCCCCTTTSEEEEEECCSSCCCSEEEEEEEESTTCEEEEEEEEEETTEEEEEEEEEECCTTSEEEEEEEGGGSCTTCCEEEEEEEEESSCEEEEEEEETTEEEECC,CCCCCCCCCEEEEEECCCCCCCCEEEEEEEECCCCEEEEEEEEEECCEEEEEEEEEECCCCCEEEEEEEHHHCCCCCCEEEEEEEEECCCEEEEEEEECCEEEECC
8,120,KMAGSIVISKEVRVPVSTSQFDYLVSRIGDQFHSSDMWIKDEVYLPMEEGGMSFISTESLNSSGLSIFLATVMRARAASQAEESFPLYENVWNQLVEKLRQDARLGVSGNTSLEHHHHHH,CCCEEEEEETTEEEEECHHHHHHHHHHHHTTCCGGGHHHHHHHHHHHHTTCCSEEECTTCCHHHHHHHHHHHHHHHHHHHTSTTHHHHHHHHHHHHHHHHTCGGGCCCCCCCCCCCCCCC,CCCEEEEEECCEEEEECHHHHHHHHHHHHCCCCHHHHHHHHHHHHHHHCCCCCEEECCCCCHHHHHHHHHHHHHHHHHHHCCCCHHHHHHHHHHHHHHHHCCHHHCCCCCCCCCCCCCCC
9,161,MGASSGSNISASNGSSSPTTIVASNPVDLNAFDRLNVVDPAVGKFRPGEAGAAAELENYLGGTLQRAPQGSSVDFVFSSGPNNGKTVDFMLTPDTVAQAAKINQFFDKNLNNFMNTLSDHAAAADFVPLASRFLSEANKTLLVKAIGNLPQKLQAKIILIK,CCCCCCCCCCCCCCCCCCCCCCCCCCCCCCCCCCCCCCCCCCCCCCHHHHHHHHHHHHHHCSCEEECCTTCSSSEEECSSTTTTCEECCBSCCSSHHHHHHHHHHHHHHHHHHHHHHHHHHHHSSBEEECGGGSCHHHHHHHHHHHTTSCHHHHTTEEECC,CCCCCCCCCCCCCCCCCCCCCCCCCCCCCCCCCCCCCCCCCCCCCCHHHHHHHHHHHHHHCCCEEECCCCCCCCEEECCCCCCCCEECCECCCCCHHHHHHHHHHHHHHHHHHHHHHHHHHHHCCEEEECHHHCCHHHHHHHHHHHCCCCHHHHCCEEECC
10,341,SLRFTASTSTPKSGSKIAKRGKKHPEPVASWMSEQRWAGEPEVMCTLQHKSIAQEAYKNYTITTSAVCKLVRQLQQQALSLQVHFERSERVLSGLQASSLPEALAGATQLLSHLDDFTATLERRGVFFNDAKIERRRYEQHLEQIRTVSKDTRYSLERQHYINLESLLDDVQLLKRHTLITLRLIFERLVRVLVISIEQSQCDLLLRANINMVATLMNIDYDGFRSLSDAFVQNEAVRTLLVVVLDHKQSSVRALALRALATLCCAPQAINQLGSCGGIEIVRDILQVESAGERGAIERREAVSLLAQITAAWHGSEHRVPGLRDCAESLVAGLAALLQPE,CCCCCCCCCCCCCCCCCCCCCCCCCCHHHHHHHHGGGCCCCCCCCCCCCCCHHHHHHHHCCCCSSHHHHHHHHHHHHHHHHHHHHHHHHHHHHTSSCSCSHHHHHHHHHHHHHHHHHHHHHHHTTCCCCCCCHHHHHHHHHHHHCCCCCCCCCCCCCCCCCCCHHHHHHHHHHHHHHHHHHHHHHHHHHHHHHHHHHHTCCSHHHHHHHHHHHHHHTSSCCSSTTCCHHHHHHTTHHHHHHHHHHHCCCHHHHHHHHHHHHHHTTSHHHHHHHHHTTHHHHHHHHHCCCCCSSSCTHHHHHHHHHHHHHGGGSCCHHHHHHHTTCCCCCCCCCCCCCCCCC,CCCCCCCCCCCCCCCCCCCCCCCCCCHHHHHHHHHHHCCCCCCCCCCCCCCHHHHHHHHCCCCCCHHHHHHHHHHHHHHHHHHHHHHHHHHHHCCCCCCCHHHHHHHHHHHHHHHHHHHHHHHCCCCCCCCCHHHHHHHHHHHHCCCCCCCCCCCCCCCCCCCHHHHHHHHHHHHHHHHHHHHHHHHHHHHHHHHHHHCCCCHHHHHHHHHHHHHHCCCCCCCCCCCHHHHHHCCHHHHHHHHHHHCCCHHHHHHHHHHHHHHCCCHHHHHHHHHCCHHHHHHHHHCCCCCCCCCCHHHHHHHHHHHHHHHHCCCHHHHHHHCCCCCCCCCCCCCCCCCCC
11,228,AVENNALSLVARGCAVAAPCRTKVAEQLLEIGAKAGAAGLAGAAVKDAADRATSDELEHLITLQAAGNDEITTKYLSSLHDKYGSGAASNPNIGKDLTDAEKVELGGSGSGTGTPPPSENDPKQQNEKTVDKLNQKQESAIKKIDNTIKNALKDHDIIGTLKDADGKPVPKENGGYWDHAQEAQNTLRGLRNHADTLKNVNNPEAQAAYGRATDAINKIESALKGYGI,CCCCCCCCCCCCCCCCCCCCCCCCCCCCCCCCCCCCCCCCCCCCCCCCCCCCCCCCCCCCCCCCCCCCCCCCCCCCCCCCCCCCCCCCCCCCCCCCCCCCCCCCCCCCCCCCCCCCCCCCCCCCCCCCCCCCCCCSSHHHHHHHHHHHTTSCCHHHHHHHHHHHTTCCEECSSSSEECHHHHHHHHHHHHHHHHHHTTTCCCHHHHHHHHHHHHHHHHHHHHHTTTTC,CCCCCCCCCCCCCCCCCCCCCCCCCCCCCCCCCCCCCCCCCCCCCCCCCCCCCCCCCCCCCCCCCCCCCCCCCCCCCCCCCCCCCCCCCCCCCCCCCCCCCCCCCCCCCCCCCCCCCCCCCCCCCCCCCCCCCCCCCHHHHHHHHHHHCCCCCHHHHHHHHHHHCCCCEECCCCCEECHHHHHHHHHHHHHHHHHHCCCCCCHHHHHHHHHHHHHHHHHHHHHCCCCC
12,143,KINQPEHLAQLDGYSQKKGISGAHNADVFNKAVVDNGVKIISETPTGVRGITQVQYEIPTKDAAGNTTGNYKGNGAKPFEKTIYDPKIFTDEKALQLGQEAAAIGYSNAIKNGLQAYDAKAGGVTFRVYIDQKTGIVSNFHPK,CTTSCCCSSSEEEEETTTEEEECCBHHHHHHHHHHTTCEEEEEEECSSTTEEEEEEEEEEECTTSCEEEEEESBTTBCEEEEEECTTTSCHHHHHHHHHHHHHHHHHHHHHHTCSEEEEEETTEEEEEEEETTTTEEEEEEEC,CCCCCCCCCCEEEEECCCEEEECCEHHHHHHHHHHCCCEEEEEEECCCCCEEEEEEEEEEECCCCCEEEEEECECCECEEEEEECCCCCCHHHHHHHHHHHHHHHHHHHHHHCCCEEEEEECCEEEEEEEECCCCEEEEEEEC
13,131,MANKPMQPITSTANKIVWSDPTRLSTTFSASLLRQRVKVGIAELNNVSGQYVSVYKRPAPKPEGCADACVIMPNENQSIRTVISGSAENLATLKAEWETHKRNVDTLFASGNAGLGFLDPTAAIVSSDTTA,CCCCCCEESSCCSSSCEEECSSSSCCEEEEECCCCCCCSCCSSCCEEEEEEEEEEEEECSSCCCCCSSSCCCCEEEEEEEEEEEEETTHHHHHHHHHHHHHHHHHHHHHHSBGGGTBCCTTCCCCCCCSCC,CCCCCCEECCCCCCCCEEECCCCCCCEEEEECCCCCCCCCCCCCCEEEEEEEEEEEEECCCCCCCCCCCCCCCEEEEEEEEEEEEECCHHHHHHHHHHHHHHHHHHHHHHCEHHHCECCCCCCCCCCCCCC
14,563,ESFADAAKHGLTEADVGITKFVSSHQGFSGILKERYSDFVVHEIGKDGRISHLNDLSIPVDEEDPSEDIFTVLTAEEKQRLEELQLFKNKETSVAIEVIEDTKEKRTIIHQAIKSLFPGLETKTEDREGKKYIVAYHAAGKKALANPRKHSWPKSRGSYCHFVLYKENKDTADAINVLSKYLRVKPNIFSYAGTKDKRAITVQEIAVLKITAQRLAHLNKCLANFKLGNFSYQKNPLKLGELQGNHFTVVLRNITGTDDQVQQAANSLKEIGFINYYGAQRFGTTAVPTYQVGRAILQNSWTEVADLILKPRSGAEKGYLVKCREEWAKTKDPTAALRKLPVKRCVEGQLLRGLSKYGAKNIVSAFGIIPRNNRLAYIHSYQSYVWNNAVSKRIEDYGLKPVPGDLVLKGATATYIEEDDVNNYSIHDVVAPLPGFDVIYPKHKIQEAYREALTADNLDIDNARHKIRDYSLSGAYRKIIIRPQNVSWEVVAYDDPKIPLFNTDVDNLEGKTPPVFASEGKYRALKADFSLPPSTYATAAIREVLKADTSIKNQTQLNTTWLR,CCCCCCCCCCCCTGGGTCCCCSCCSCCCCCBSSSSGGGEEEEEECTTSCBCCCCCCCCCCCCCCCCCHHHHHHHHHHHHCCCCCCCCCCCCCCEEEECSSCCHHHHHHHHHHHHHSCSSCEEEEEEETTEEEEEEECCCCCCCCCCCCCCCCCTTSCSEEEEEEEEESCCHHHHHHHHHHHHTCCGGGEEESCCCCSSSEEEEEEEEETCCHHHHHHGGGGCSSEEEEEEEEESSCCCTTCSCEEEEEEEEBSCCCCHHHHHHHHHHHHHTCEECCCCGGGGCCCCCCHHHHHHHHHTTCHHHHHHHHHSCCCCCCCHHHHHHHHHHHHHCCHHHHHTTCCCSSSHHHHHHHHHHHHCTTCHHHHHTTSCHHHHHHHHHHHHHHHHHHHHHHHHHHHCSSCCTTCEEEETTEEEECCSSSGGGCCGGGEEEEECSSSCCCCSSTHHHHHHHHHHHTTCCTTCCCCSSGGGCCCCEEEESEECCEEEEEEEEEESCTTSCSSCCHHHHHHTCCCCCCCSCCSEEEEEEEEEECTTCCHHHHHHHHHCCCCCCCCCCCCCCCCCC,CCCCCCCCCCCCCHHHCCCCCCCCCCCCCCECCCCHHHEEEEEECCCCCECCCCCCCCCCCCCCCCCHHHHHHHHHHHHCCCCCCCCCCCCCCEEEECCCCCHHHHHHHHHHHHHCCCCCEEEEEEECCEEEEEEECCCCCCCCCCCCCCCCCCCCCCEEEEEEEEECCCHHHHHHHHHHHHCCCHHHEEECCCCCCCCEEEEEEEEECCCHHHHHHHHHHCCCEEEEEEEEECCCCCCCCCCEEEEEEEEECCCCCHHHHHHHHHHHHHCCEECCCCHHHHCCCCCCHHHHHHHHHCCCHHHHHHHHHCCCCCCCCHHHHHHHHHHHHHCCHHHHHCCCCCCCCHHHHHHHHHHHHCCCCHHHHHCCCCHHHHHHHHHHHHHHHHHHHHHHHHHHHCCCCCCCCEEEECCEEEECCCCCHHHCCHHHEEEEECCCCCCCCCCCHHHHHHHHHHHCCCCCCCCCCCCHHHCCCCEEEECEECCEEEEEEEEEECCCCCCCCCCHHHHHHCCCCCCCCCCCCEEEEEEEEEECCCCCHHHHHHHHHCCCCCCCCCCCCCCCCCC
15,624,MGSSHHHHHHSSGPQQGLRHLLSAGEIWISPQGNDLNDGTRPSPKATLTSALRQAREWRRTDDERVRGGITICMEGGTYALYEPVFIRPEDSGTEDSPTVIRPVADEKVVLSGGIRIGGWKKQGKLWVADVPMFNGRPLDFRQLWVNGKKAVRARDVEDFEKMNRICSVDEKNEILYVPAVAIRRLVDGKGALKAKYAEMVLHQMWCVANLRIRSVELAGDSAAIRFHQPESRIQFEHPWPRPMVTTDGHNSAFYLTNARELLDVAGEWYHDIDARKVYYYPREGEKLQDAGTEVIVPAIETLIQVKGTFDRPVSHIRFEKITFSHTTWMRPSEKGHVPLQAGMYLTDGYRIDPKMERDYLNHPLDNQGWLGRPAAAVSVAAANQIDFERCRFDHLGSTGLDYEEAVQGGVVRGCLFRDIAGNGLVVGSFSPAAHETHLPYDPTDLREVCAHQQISNCYFTEVGNEDWGCLAILAGYVKDINIEHNEICEVPYSGISLGWGWTQTVNCMRNNRVHANLIHHYAKHMYDVAGVYTLGSQPKSYVTENCVHSIYKPGYVHDPNHWFYLYTDEGSSFITVRDNWTEGEKYLQNANGPGNVWENNGPQVDTVIRERAGLEAEYRDLKK,CCCCCCCCCCCCCCCCCCCCCCCCEEEEECTTCCTTSCCSSSSCBSCHHHHHHHHHHHHHTTCGGGTTCEEEEECSEEEECSSCEEECGGGCCCSSSCEEEEESTTCCEEEECEEEECCCEEETTEEEEECCCBTTBCCCCSCCEETTEECEECBSCSSGGGCEECCEEETTTTEEEEEHHHHGGGBCTTSCBCCTTCEEEEEETTEEEEEEEEEEEEETTEEEEEECTTHHHHHHHCCSSCCCCCSSSCCCEEEEESCGGGCCSTTEEEEETTTTEEEECCCTTCCTTSTTCCEEEECBSCSEEEECCSSSCEEEEEEESEEEECBCCCHHHHHCBCEEETTEEEEEEEEEEEEECCSTTCCCEEEEEEEECCCEEEEEEEEEEEEEESCEEEEESSEEEEEEEEEECCEEESCEEEEESSCSEEESBSCCTTSCTTSCCCCSSGGGSCBCCEEESCEEESCSSSSTTCCSEEECBCBSCEEESCEEESCSSCSEEEECSSCCSCCSCBCCEEESCEEESCCSSCCSBCSEEEESEEEEEEEESCEEECCCCCTTCSCTTCBCSEEECTTCEEEEEESCEESSCCEEECSCCSCCEEESCSTTSCHHHHHHSSSCGGGGGGCC,CCCCCCCCCCCCCCCCCCCCCCCCEEEEECCCCCCCCCCCCCCCECCHHHHHHHHHHHHHCCCHHHCCCEEEEECCEEEECCCCEEECHHHCCCCCCCEEEEECCCCCEEEECEEEECCCEEECCEEEEECCCECCECCCCCCCEECCEECEECECCCCHHHCEECCEEECCCCEEEEEHHHHHHHECCCCCECCCCCEEEEEECCEEEEEEEEEEEEECCEEEEEECCCHHHHHHHCCCCCCCCCCCCCCCEEEEECCHHHCCCCCEEEEECCCCEEEECCCCCCCCCCCCCCEEEECECCCEEEECCCCCCEEEEEEECEEEECECCCHHHHHCECEEECCEEEEEEEEEEEEECCCCCCCCEEEEEEEECCCEEEEEEEEEEEEEECCEEEEECCEEEEEEEEEECCEEECCEEEEECCCCEEECECCCCCCCCCCCCCCCCHHHCCECCEEECCEEECCCCCCCCCCCEEECECECCEEECCEEECCCCCCEEEECCCCCCCCCCECCEEECCEEECCCCCCCCECCEEEECEEEEEEEECCEEECCCCCCCCCCCCCECCEEECCCCEEEEEECCEECCCCEEECCCCCCCEEECCCCCCCHHHHHHCCCCHHHHHHCC
16,353,GLPVPSPPGTLLPGQSPDEAFARNSVVFLVPGAEYNWKNVVIRKPVWIYGNGATVKTSGLGPIIHIMGDLDNPMDVRIQDLTFIGGDSPDRLVPFSAVLTNQMALWCIDPRITIRGCSFYNFGGAAIYLERSERDTGFRFGRGQVMITDCRFRGCRIGIANGGSVEYGLASQNNFSDCQICFNVVGGNWTRSGNVASNCRCMYLHTQGMWYEGAAGNFNPAHGSFTSNTLNHCDYGGNLWPTEFQLPDRVINLAGFYFDNAAARLPNFSGNSQWYGDMKLINFLPDSTFVINGGALYGGPGDTGVIAVATALAAKVFVIGCQGNAGQQIVNVPAANIIPEVGTRKDDATQPAA,CCCCCCCCCEECTTSCHHHHHHHCSEEEECTTCEEECSSEEECSCCEEECTTCEEECCSSCCSEEEECCTTCSSCEEEESCEEECSSSCCTTSCCCTTGGGCCSEEEESCCEEEESCEEECCSSEEEEEECSSCCCCCCCCCCCEEEESCEEESCSEEEEECTTCCSCEEESCEEESCSEEEEECSSCCEEESCEEESCSEEEEEESSCTTCCTTCSCSCBCCEEESCEEESSSSSSCCSCSEEECSSCEEECCSEEEECTTCBCCEEESCEEESCCEEEEECCSSCCEEEESCEEECCSSSSSEEEECGGGGGGEEEESCEECTTCEEESCCGGGEESCCSEEECCTTCSCC,CCCCCCCCCEECCCCCHHHHHHHCCEEEECCCCEEECCCEEECCCCEEECCCCEEECCCCCCCEEEECCCCCCCCEEEECCEEECCCCCCCCCCCCCCHHHCCCEEEECCCEEEECCEEECCCCEEEEEECCCCCCCCCCCCCCEEEECCEEECCCEEEEECCCCCCCEEECCEEECCCEEEEECCCCCEEECCEEECCCEEEEEECCCCCCCCCCCCCCECCEEECCEEECCCCCCCCCCCEEECCCCEEECCCEEEECCCCECCEEECCEEECCCEEEEECCCCCCEEEECCEEECCCCCCCEEEECHHHHHHEEEECCEECCCCEEECCCHHHEECCCCEEECCCCCCCC
17,129,ANKYLFELPYERSEPGWTIRSYFDLAYNENRFLDAVENIVNKESYILDGIYCNFPDANSYDESEHFEGVEFAVGYPPDEDDIVIVSEETCFEYVRLACEKYLQLHPEDTEKVNKLLSKIPSAGHHHHHH,CCCCSSCSSCCCCTTHHHHHHHHHHHHHTTCHHHHHHHHHTTCCEEETTEEEECCCTTCSCGGGCCSSEEEEESSSCCGGGEEEECHHHHHHHHHHHHHHHHHHCGGGHHHHHHHHTTCCCCCCCCCCC,CCCCCCCCCCCCCCCHHHHHHHHHHHHHCCCHHHHHHHHHCCCCEEECCEEEECCCCCCCCHHHCCCCEEEEECCCCCHHHEEEECHHHHHHHHHHHHHHHHHHCHHHHHHHHHHHCCCCCCCCCCCCC
18,246,GHAASGPWKLTASKTHIAKSADVEKLADELHAPSLPEAAFGDNVLRIQHGSGFGIEFNATDALRCVNNYQGALKVACAEEWQESRTEGEHSKEVIKPYDWTYTTDYKGTLLGESLKLKVVPTTDHIDTEKLKAREQIKFFEEVLLFEDELHDHGVSSLSVKIRVAPSSFFLLLRFFLRIDGVLIRANDTRLYHEADKTYALREYTSRESKISSLAHVPPSLFTEPNEISQYLPIKEAVCEKLIFPE,CEEEETTEEEEEECCCCCCHHHHHHHHHHTTCSCCCSEECTTCEEEEEETTSCEEEECHHHHHTTSCCCCSCHHHHCSSCSCCCCCCCCCCSSCCCCCCSSCCCCCCCEEECSSCCCEEEECSCCCCHHHHHCCCCCSEEEEEEEEEECTTTTEEEEEEEEEEEETTEEEEEEEEEEEETTTEEEEEEEEEEEESSCSEEEEEEEEEEEEGGGGTTSCGGGGGCHHHHGGGSCEEEEEEEEEECCC,CEEEECCEEEEEECCCCCCHHHHHHHHHHCCCCCCCCEECCCCEEEEEECCCCEEEECHHHHHCCCCCCCCCHHHHCCCCCCCCCCCCCCCCCCCCCCCCCCCCCCCCEEECCCCCCEEEECCCCCCHHHHHCCCCCCEEEEEEEEEECCCCCEEEEEEEEEEEECCEEEEEEEEEEEECCCEEEEEEEEEEEECCCCEEEEEEEEEEEEHHHHCCCCHHHHHCHHHHHHHCCEEEEEEEEEECCC
19,409,SMWAFSELPMPLLINLIVSLLGFVATVTLIPAFRGHFIAARLCGQDLNKTSRQQIPESQGVISGAVFLIILFCFIPFPFLNCFVKEQCKAFPHHEFVALIGALLAICCMIFLGFADDVLNLRWRHKLLLPTAASLPLLMVYFTNFGNTTIVVPKPFRPILGLHLDLGILYYVYMGLLAVFCTNAINILAGINGLEAGQSLVISASIIVFNLVELEGDCRDDHVFSLYFMIPFFFTTLGLLYHNWYPSRVFVGDTFCYFAGMTFAGVGILGHFSKTMLLFFMPQVFNFLYSLPQLLHIIPCPRHRIPRLNIKTGKLEMSYSKFKTKSLSFLGTFILKVAESLQLVTVHQSETEDGEFTECNNMTLINLLLKVLGPIHERNLTLLLLLLQILGSAITFSIRYQLVRLFYDV,CCCCCCCCCHHHHHHHHHHHHHHHHHHHHHHHTHHHHHHTTCEECCTTSSCCCCEECCTHHHHHHHHHHHHHHHTHHHHCCCCCCCCCCCCCHHHHHHHHHHHHHHHHHHHHHHHHHHHCCCHHHHHHHHHHHTHHHHHHHHHTTCCCEECCCCCCCCCCCCCEECTHHHHHHHHHHHHHHHHHHHHSCSSTTHHHHHHHHHHHHHHHHHHHTTSSSCSHHHHHHHHHHHHHHHHHHHHHHHHSSSCSSCCHHHHHHHHHHHHHHHHHHTTCHHHHHTTTHHHHHHHHHHHHHHTTSSCCCSCCSCEECTTTCSEECCEEEEETTTSCHHHHHHHHHHHHTTCCCEEEEECSSCEEEEEECCSHHHHHHHHHCSBCHHHHHHHHHHHHHHHHHHHHHHHHTCCCCCCCC,CCCCCCCCCHHHHHHHHHHHHHHHHHHHHHHHCHHHHHHCCCEECCCCCCCCCCEECCCHHHHHHHHHHHHHHHCHHHHCCCCCCCCCCCCCHHHHHHHHHHHHHHHHHHHHHHHHHHHCCCHHHHHHHHHHHCHHHHHHHHHCCCCCEECCCCCCCCCCCCCEECCHHHHHHHHHHHHHHHHHHHHCCCCCCHHHHHHHHHHHHHHHHHHHCCCCCCCHHHHHHHHHHHHHHHHHHHHHHHHCCCCCCCCHHHHHHHHHHHHHHHHHHCCCHHHHHCCCHHHHHHHHHHHHHHCCCCCCCCCCCCEECCCCCCEECCEEEEECCCCCHHHHHHHHHHHHCCCCCEEEEECCCCEEEEEECCCHHHHHHHHHCCECHHHHHHHHHHHHHHHHHHHHHHHHCCCCCCCCC
20,138,AITLRKLIGNINATKEPEQQSPLELWFERIIDVPLEKLTVEDLCRAIRQNLCIDQLAPRVLEVLTKEPLAGEYYDGELIAALSTIKGEDLKDQKSTFTQIRQLINQLEPSDINDDLRKDILKINQIIVTSLEHHHHHH,CCBHHHHHCCCSCCCCGGGCCHHHHHHHHHTTSBGGGCCHHHHHHHHHTTSCHHHHHHHHHHHHHHCTTCCSSSTTHHHHHHTTCCGGGCSSCHHHHHHHHHHHTSCSCCSTHHHHHHHHHTCCCCCCCCCCCCCCCC,CCEHHHHHCCCCCCCCHHHCCHHHHHHHHHCCCEHHHCCHHHHHHHHHCCCCHHHHHHHHHHHHHHCCCCCCCCCCHHHHHHCCCCHHHCCCCHHHHHHHHHHHCCCCCCCCHHHHHHHHHCCCCCCCCCCCCCCCCC
