Index,Sequence,Length
0,VPSLATISLENSWSGLSKQIQLAQGNNGIFRTPIVLVDNKGNRVQITNVTSKVVTSNIQLLLNTRNI,67
1,MFKVYGYDSNIHKCVYCDNAKRLLTVKKQPFEFINIMPEKGVFDDEKIAELLTKLGRDTQIGLTMPQVFAPDGSHIGGFDQLREYFK,87
2,TPEMPVLENRAAQGNITAPGGARRLTGDQTAALRNSLSDKPAKNIILLIGDGMGDSEITAARNYAEGAGGFFKGIDALPLTGQYTHYALNKKTGKPDYVTDSAASATAWSTGVKTYNGALGVDIHEKDHPTILEMAKAAGLATGNVSTAELQDATPAALVAHVTSRKCYGPSATSQKCPGNALEKGGKGSITEQLLNARADVTLGGGAKTFAETATAGEWQGKTLREEAEARGYQLVSDAASLNSVTEANQQKPLLGLFADGNMPVRWLGPKATYHGNIDKPAVTCTPNPQRNDSVPTLAQMTDKAIELLSKNEKGFFLQVEGASIDKQDHAANPCGQIGETVDLDEAVQRALEFAKKEGNTLVIVTADHAHASQIVAPDTKAPGLTQALNTKDGAVMVMSYGNSEEDSQEHTGSQLRIAAYGPHAANVVGLTDQTDLFYTMKAALGLK,449
3,APAFSVSPASGASDGQSVSVSVAAAGETYYIAQCAPVGGQDACNPATATSFTTDASGAASFSFTVRKSYAGQTPSGTPVGSVDCATDACNLGAGNSGLNLGHVALTFG,108
4,TPAFNKPKVELHVHLDGAIKPETILYFGKKRGIALPADTVEELRNIIGMDKPLSLPGFLAKFDYYMPVIAGCREAIKRIAYEFVEMKAKEGVVYVEVRYSPHLLANSKVDPMPWNQTEGDVTPDDVVDLVNQGLQEGEQAFGIKVRSILCCMRHQPSWSLEVLELCKKYNQKTVVAMDLAGDETIEGSSLFPGHVEAYEGAVKNGIHRTVHAGEVGSPEVVREAVDILKTERVGHGYHTIEDEALYNRLLKENMHFEVCPWSSYLTGAWDPKTTHAVVRFKNDKANYSLNTDDPLIFKSTLDTDYQMTKKDMGFTEEEFKRLNINAAKSSFLPEEEKKELLERLYREYQ,349
5,SAISFHSGYSGLVATVSGSQQTLVVALNSDLGNPGQVASGSFSEAVNASNGQVRVWR,57
6,RTDCYGNVNRIDTTGASCKTAKPEGLSYCGVSASKKIAERDLQAMDRYKTIIKKVGEKLCVEPAVIAGIISRESHAGKVLKNGWGDRGNGFGLMQVDKRSHKPQGTWNGEVHITQGTTILINFIKTIQKKFPSWTKDQQLKGGISAYNAGAGNVRSYARMDIGTTHDDYANDVVARAQYYKQHGY,185
7,VAGGGLPKYGTAVLVNIINENGLYPVKNFQTGVYPYAYEQSGEAMAAKYLVRNKPCYACPIGCGRVNRLPTVGETEGPEYESVWALGANLGINDLASIIEANHMCDELGLDTISTGGTLATAMELYEKGHIKDEELGDAPPFRWGNTEVLHYYIEKIAKREGFGDKLAEGSYRLAESYGHPELSM,185
8,SQIRHYKWEVEYMFWAPNCNENIVMGINGQFPGPTIRANAGDSVVVELTNKLHTEGVVIHWHGILQRGTPWADGTASISQCAINPGETFFYNFTVDNPGTFFYHGHLGMQRSAGLYGSLIVDPPQGKKEP,130
9,FHYDGEINLLLSDWWHQSIHKQEVGLSSKPIRWIGEPQTILLNGRGQFDCSIAAKYDSNLEPCKLKGSESCAPYIFHVSPKKTYRIRIASTTALAALNFAIGNHQLLVVEADGNYVQPFYTSDIDIYSGESYSVLITTDQNPSENYWVSVGTRARHPNTPPGLTLLNYLPNSVSKLPTSPPPQTPAWDDFDRSKNFTYRITAAMGS,206
10,SEACPLILDYHVALDNAREKARGAKAIGTTGRGIGPAYEDKVARRGLRVGDLFDKETFAEKLKEVMEYHNFQLVNYYKAEAVDYQKVLDDTMAVADILTS,100
11,PKPPVKFNRRIFLLNTQNVINGYVKWAINDVSLALPPTPYLGAMKYNLLHAFDQNPPPEVFPEDYDIDTPPTNEKTRIGNGVYQFKIGEVVDVILQNANMMKENLSETHPWHLHGHDFWVLGYGDGKFSAEEESSLNLKNPPLRNTVVIFPYGWTAIRFVADNPGVWAFHCHIEPHLHMGMGVVFAEGVEKVGRIPTKALACGGTAKSLINNPKNP,216
12,REPRGLGPLQIWQTDFTLEPRAPRSWLAVTVDTASSAIVVTQHGRVTSVAAQHHWATAIAVLGRPKAIKTDNGSCFTSKSTREWLARWGIAHTTGIPGNSQGQAVERANRLLKDKIRVLAEGDGFKRIPTSKQGELLAKAYALNHFER,148
13,TTYADFIASGRTGRRNAIHD,20
14,RDPDAGIDEAQVEQDAQALFQAGELKWGTDEEKFITIFGTRSVSHLRKVFDKYMTISGFQIEETIDRETSGNLEQLLLAVVKSIRS,86
15,IPAYLAETLYYAMKGAGTDDHTLIRVMVSRSEIDLFNIRKEFRKNFATSLYSMIKGDTSGDYKKALLLLCGEDD,74
16,MRRWFHPNITGVEAENLLLTRGVDGSFLARPSKSNPGDFTLSVRRNGAVTHIKIQNTGDYYDLYGGEKFATLAELVQYYMEHHGQLKEKNGDVIELKYPLN,101
17,CSVDIQGNDQMQFNTNAITVDKSCKQFTVNLSHPGNLPKNVMGHNWVLSTAADMQGVVTDGMASGLDKDYLKPDDSRVIAHTKLIGSGEKDSVTFDVSKLKEGEQYMFFCTFPGHSALMKGTLTLK,126
18,MEVEKEFITDEAKELLSKDKLIQQAYNEVKTSICSPIWPATSKTFTINNTEKNCNGVVPIKELCYTLLEDTYNWYREKPIDVYKEFIENSELKRVGMEFETGNISSAHRSMNKLLLGLKHGEIDLAIILMPIKQLAYYLTDRVTNFEELEPYFELTEGQPFIFIGFNAEAYNSNVPLIPKGSDGMSKRSIKKWKDKVENK,200
19,NVYHDGACPEVKPVDNFDWSNYHGKWWEVAKYPNSVEKYGKCGWAEYTPEGKSVKVSNYHVIHGKEYFIEGTAYPVGDSKIGKIYHKLTYGGVTKENVFNVLSTDNKNYIIGYYCKYDEDKKGHQDFVWVLSRSKVLTGEAKTAVENYLIGSPVVDSQKLVYSDFSEAACKVN,173
20,ASTDYWQNWTDGGGIVNAVNGSGGNYSVNWSNTGNFVVGKGWTTGSPFRTINYNAGVWAPNGNGYLTLYGWTRSPLIEYYVVDSWGTYRPTGTYKGTVKSDGGTYDIYTTTRYNAPSIDGDRTTFTQYWSVRQSKRPTGSNATITFTNHVNAWKSHGMNLGSNWAYQVMATCGYQSSGSSNVTVW,185
21,EISGHIVRSPMVGTFYRTPSPDAKAFIEVGQKVNVGDTLCIVEAMKMMNQIEADKSGTVKAILVESGQPVEFDEPLVVIE,80
22,AAPCFCSGKPGRGDLWILRGTCPGGYGYTSNCYKWPNICCYPH,43
23,GEFSVCDSVSVWVGDKTTATDIKGKEVTVLAEVNINNSVFRQYFFETKCRASNPVESGCRGIDSKHWNSYCTTTHTFVKALTTDEKQAAWRFIRIDTACVCVLSRKA,107
24,DPKRLYCKNGGFFLRIHPDGRVDGVREKSDPHIKLQLQAEERGVVSIKGVSANRYLAMKEDGRLLASKSVTDECFFFERLESNNYNTYRSRKYTSWYVALKRTGQYKLGSKTGPGQKAILFLPMSA,126
25,SISQQTVWNQMATVRTPLNFDSSKQSFCQFSVDLLGGGISVDKTGDWITLVQNSPISNLLRVAAWKKGCLMVKVVMSGNAAVKRSDWASLVQVFLTNSNSTEHFDACRWTKSEPHSWELIFPIEVCGPNNGFEMWSSEWANQTSWHLSFLVDNPKQSTTFDVLLGISQNFEIAGNTLMPAFSVPQ,185
26,METNLFKLSLDDVETPKGSMLDLKISQSKIALPKNTVGGTILRSDLLANFLTEGNFRASVDLQRTHRIKGMIKMVATVGIPENTGIALACAMNSSIRGRASSDIYTICSQDCELWNPACTKAMTMSFNPNPCSDAWSLEFLKRTGFHCDIICVTGWTATPMQDVQVTIDWFISSQECVPRTYCVLNPQNPFVLNRWMGKLTFPQGTSRSVKRMPLSIGGGAGAKSAILMNMPNAVLSMWRYFVGDLVFEVSKMTSPYIKCTVSFFIAFGNLADDTINFEAFPHKLVQFGEIQEKVVLKFSQEEFLTAWSTQVRPATTLLADGCPYLYAMVHDSSVSTIPGDFVIGVKLTIIENMCAYGLNPGISGSRLLGTIPQ,374
27,MLDKIVIANRGEIALRILRACKELGIKTVAVHSSADRDLKHVLLADETVCIGPAPSVKSYLNIPAIISAAEITGAVAIHPGYGFLSENANFAEQVERSGFIFIGPKAETIRLMG,114
28,VPGSDGDDMDKNRAIAKRIGYPVIIKRVVRGDAELAQSISMTRAYMEKYLE,51
29,RGHAVECRINAEDPNTFLPSPGKITRFHAPGGFGVRWESHIYAGYTVPPYYDSMIGKLICYGENRDVAIARMKNALQELIIDGIKTNVDLQIRIMNDENFQHGGTNIHYLEKKLGLQE,118
30,TPDCVTGKVEYTKYNDDDTFTVKVGDKELFTNRWNLQSLLLSAQITGMTVTIKTNACHNGGGFSEVIFR,69
31,GIVEQCCASVCSLYQLENYCN,21
32,KAVINGEQIRSISDLHQTLKKELALPEYYGENLDALWDALTGWVEYPLVLEWRQFEQSKQLTGAESVLQVFREAKAEGADITIILS,86
33,INTFDGVADYLQTYHKLPDNYITKSEAQALGWVASKGNLADVAPGKSIGGDIFSNREGKLPGKSGRTWREADINYTSGFRNSDRILYSSDWLVYKTTDHYQTFTKIR,107
34,FKPLPISFDDFSDLNRSCFAPGFVFGTASSAFQYEGAAFEDGKGPSIWDTFTHKYPEKIKDRTNGDVAIDEYHRYKEDIGIMKDMNLDAYRFSISWPRVLPKGKLSGGVNREGINYYNNLINEVLANGMQPYVTLFHWDVPQALEDEYRGFLGRNIVDDFRDYAELCFKEFGDRVKHWITLNEPWGVSMNAYAYGTFAPGRCSDWLKLNCTGGDSGREPYLAAHYQLLAHAAAARLYKTKYQASQNGIIGITLVSHWFEPASKEKADVDAAKRGLDFMLGWFMHPLTKGRYPESMRYLVRKRLPKFSTEESKELTGSFDFLGLNYYSSYYAAKAPRIPNARPAIQTDSLINATFEHNGKPLGPMAASSWLCIYPQGIRKLLLYVKNHYNNPVIYITENGRNEFNDPTLSLQESLLDTPRIDYYYRHLYYVLTAIGDGVNVKGYFAWSLFDNMEWDSGYTVRFGLVFVDFKNNLKRHPKLSAHWFKSFLKK,490
35,TQSHYGQCGGIGYSGPTVCASGTTCQVLNPYYSQCL,36
36,GGGARSGDDVVAKYCNACHGTGLLNAPKVGDSAAWKTRADAKGGLDGLLAQSLSGLNAMPPKGTCADCSDDELKAAIGKMSGL,83
37,ARRKWQKTGHAVRAIGRLSS,20
38,LKNSISDYTEAEFVQLLKEIEKENVAATDDVLDVLLEHFVKITEHPDGTDLIYYPSDNRDDSPEGIVKEIKEWRAANGKPGFKQG,85
39,LKCNKLIPIAYKTCPEGKNLCYKMMLASKKMVPVKRGCINVCPKNSALVKYVCCSTDRCN,60
40,SACTLQSETHPPLTWQKCSSGGTCTQQTGSVVIDANWRWTHATNSSTNCYDGNTWSSTLCPDNETCAKNCCLDGAAYASTYGVTTSGNSLSIGFVTQSAQKNVGARLYLMASDTTYQEFTLLGNEFSFDVDVSQLPCGLNGALYFVSMDADGGVSKYPTNTAGAKYGTGYCDSQCPRDLKFINGQANVEGWEPSSNNANTGIGGHGSCCSEMDIWEANSISEALTPHPCTTVGQEICEGDGCGGTYSDNRYGGTCDPDGCDWNPYRLGNTSFYGPGSSFTLDTTKKLTVVTQFETSGAINRYYVQNGVTFQQPNAELGSYSGNELNDDYCTAEEAEFGGSSFSDKGGLTQFKKATSGGMVLVMSLWDDYYANMLWLDSTYPTNETSSTPGAVRGSCSTSSGVPAQVESQSPNAKVTFSNIKFGPIGSTGNPSG,433
41,AGVPFNTKYPYGPTSIADNQSEVTAMLKAEWEDWKSKRITSNGAGGYKRVQRDASTNYDTVSEGMGYGLLLAVCFNEQALFDDLYRYVKSHFNGNGLMHWHIDANNNVTSHDGGDGAATDADEDIALALIFADKQWGSSGAINYGQEARTLINNLYNHCVEHGSYVLKPGDRWGGSSVTNPSYFAPAWYKVYAQYTGDTRWNQVADKCYQIVEEVKKYNNGTGLVPDWCTASGTPASGQSYDYKYDATRYGWRTAVDYSWFGDQRAKANCDMLTKFFARDGAKGIVDGYTIQGSKISNNHNASFIGPVAAASMTGYDLNFAKELYRETVAVKDSEYYGYYGNSLRLLTLLYITGNFPNPLSDL,363
42,PFFFTHQKAHWSESAMAYNRTVKYPGQYEGIEEFVKNNPKYSFMMELNNLKLN,53
43,GAPVPVDENDEGLQRALQFAMAEYNRASNDKYSSRVVRVISAKRQLVSGIKYILQVEIGRTTCPKSSGDLQSCEFHDEPEMAKYTTCTFVVYSIPWLNQIKLLESKCQ,108
44,IVQDVPNAPKLTGITCQADKAEIHWEQQGDNRSPILHYTIQFNTSFTPASWDAAYEKVPNTDSSFVVQMSPWANYTFRVIAFNKIGASPPSAHSDSCTTQP,101
45,MDIISKSGEGNKYTINSAIAFVAYASHIDINTTEFSKVLSGLRDFINDEAIRLGGKISDGSFNKCNGDWYEWLIGIRAIEFFLESETNFIVVKMPNATSFDVMSIYKSCLSEFIYDLRSKLSLNNVNLITSNPDFSIIDIRGRREELKSMLKDISFSNISLSTISEIDNLYKNFIDYAELEHIKSFLSVKTTFRPDRRLQLAHEGSLMKALYTHLQTRTWTINPTGIRYYAAATSIGNADVIGLKTVATHSITDVKSLPQSAVDEIFKINSVLDVDSCLSHIL,283
46,NPAIAYGSTQQRWINNDVYVYERKFGKSVAVVAVNRNLSTSASITGLSTSLPTGSYTDVLGGVLNGNNITSTNGSINNFTLAAGATAVWQYTTAET,96
47,TPTIGHVGPVMGKPGNVVTIDGRGFGSTKGTVYFGTTAVTGAAITSWEDTQIKVTIPSVAAGNYAVKVAASGVNSNAYNNFTIL,84
48,TGDQVTVRFVVNNASTTLGQNLYLTGNVAELGNWSTGSTAIGPAFNQVIHQYPTWYYDVSVPAGKQLEFKFFKKNGSTITWESGSNHTFTTPASGTATVTVNWQ,104
49,TPQNITDLCAEYHNTQIHTLNNKIFSYTESLAGKREMAIITFKNGATFQVEVPGSQHIDSQKKAIERMKNTLRIAYLTEAKVEKLCVWNNKTPHAIAAISMAN,103
50,LLSSEKLIAIGASTGGTEAIRHVLQPLPLSSPAVIITQHMPPGFTRSFAERLNKLCQISVKEAEDGERVLPGHAYIAPGDKHMELARSGANYQIKIHDGPPVNRHRPSVDVLFHSVAKHAGRNAVGVILTGMGNDGAAGMLAMYQAGAWTIAQNEASCVVFGMPREAINMGGVSEVVDLSQVSQQMLAKISAGQAIRI,198
51,WKAQYKYIEDIGDGRGYTGGIIGFCSGTGDMLELVQHYTDLEPGNILAKYLPALKKVNGSASHSGLGTPFTKDWATAAKDTVFQQAQNDERDRVY,95
52,QMPKTLRIRNGDKVRSTFSAQEYANRQARLRAHLAAENIDAAIFTSYHNINYYSDFLYCSFGRPYALVVTEDDVISISANIDGGQPWRRTVGTDNIVYTDWQRDNYFAAIQQALPKARRIGIEHDHLNLQNRDKLAARYPDAELVDVAAACMRMR,155
53,AHKQIYYSDKYFDEHYEYRHVMLPRELSKQVPKTHLMSEEEWRRLGVQQSLGWVHYMIHEPEPHILLFRRPLPKDQQK,78
54,IETKVSAAKITENYQFDSRIRLNSIGFIPNHSKKATIAANCSTFYVVKEDGTIVYTGTATSMFDNDTKETVYIADFSSVNEEGTYYLAVPGVGKSVNFKIAM,102
55,NVYEDAFKTAMLGMYLLRCGTSVSATYNGIHYSHGPCHTNDAYLDYINGQHTKKDSTKGWHDAGDYNKYVVNAGITVGSMFLAWEHFKDQLEPVALEIPEKNNSIPDFLDELKYEIDWILTMQYPDGSGRVAHKVSTRNFGGFIMPENEHDERFFVPWSSAATADFVAMTAMAARIFRPYDPQYAEKCINAAKVSYEFLKNNPANVFANQSGFSTGEYATVSDADDRLWAAAEMWETLG,239
56,DEEYLRDFENRAAQFSKKIEADFDWDNVANLGMFTYLLSERPGKNPALVQSIKDSLLSTADSIVRTSQNHGYGRTLGTTYYWGCNGTVVRQTMILQVANKISPNNDYVNAALDAISHVFGRNYYNRSYVTGLGINPPMNPHDRRSGADGIWEPWPGYLVGGGWPGPKDWVDIQDSYQTNEIAINWNAALIYALAGFVNYN,200
57,SVSSIVSRAQFDRMLLHRNDGACQAKGFYTYDAFVAAAAAFSGFGTTGSADVQKREVAAFLAQTSHETTGGWATAPDGAFAWGYCFKQERGASSDYCTPSAQWPCAPGKRYYGRGPIQLSHNYNYGPAGRAIGVDLLANPDLVATDATVSFKTAMWFWMTAQPPKPSSHAVIVGQWSPSGADRAAGRVPGFGVITNIINGGIECGHGQDSRVADRIGFYKRYCDILGVGYGNNLDCYSQRPFA,243
58,EVEALEKKVAALESKVQALEKKVEALEHG,29
59,AKDERELLEKTSELIAGMGDKIGEHLGDKYKAIAKDIADNIKNFQGKTIRSFDDAMASLNKITANPAMKINKADRDALVNAWKHVDAQDMANKLGNLSKAFKVADVVMKVEKVREKSIEGYETGNWGPLMLEVESWVLSGIASSVALGIFSATLGAYALSLGVPAIAVGIAGILLAAVVGALIDDKFADALNNEIIR,197
60,MIRGIRGATTVERDTEEEILQKTKQLLEKIIEENHTKPEDVVQMLLSATPDLHAVFPAKAVRELSGWQYVPVTCMQEMDVTGGLKKCIRVMMTVQTDVPQDQIRHVYLEKAVVLRPDLS,119
61,DGNKRMDVVNRITGNSSTIVANAARSLFAEQPQLIAPGGNAYTSRRMAACLRDMEIILRYVTYAIFAGDASVLDDRCLNGLKETYLALGTPGSSVAVGVQKMKDAALAIAGDTNGITRGDCASLMAEVASYFDKAAAAVA,140
62,FDCAEYRSTNIYGYGLYEVSMKPAKNTGIVSSFFTYTGPAHGTQWDEIDIEFLGKDTTKVQFNYYTNGVGGHEKVISLGFDASKGFHTYAFDWQPGYIKWYVDGVLKHTATANIPSTPGKIMMNLWNGTGVDDWLGSYNGANPLYAEYDWVKYTSNGSVFWEPKSYFNPSTWEKADGYSNGGVFNCTWRANNVNFTNDGKLKLGLTSS,208
63,TTCCPSIVARSNFNVCRLPGTPEAICATYTGCIIIPGATCPGDYAN,46
64,KSFPEVVGKTVDQAREYFTLHYPQYNVYFLPEGSPVTLDLRYNRVRVFYNPGTNVVNHVPHVG,63
65,SWQTYVDEHLMLAASAIVGHDGSVWAQSSSFPQFKPQEITGIMKDFEEPGHLAPTGLHLGGIKYMVIQGEAGAVIRGKKGSGGITIKKTGQALVFGIYEEPVTPGQCNMVVERLGDYLIDQGL,123
66,MDFTKPETVLNLQNIRDELVRMEDSIIFKFIERSHFATCPSVYEANHPGLEIPNFKGSFLDWALSNLEIAHSRIRRFESPDETPFFPDKIQKSFLPSINYPQILAPYAPEVNYNDKIKKVYIEKIIPLISKRDGDDKNNFGSVATRDIECLQSLSRRIHFGKFVAEAKFQSDIPLYTKLIKSKDVEGIMKNITNSAVEEKILERLTKKAEVYGVDPTERRIIPEYLVKIYKEIVIPITKEVEVEYLLRRLEE,252
67,EFDVILKAAGANKVAVIKAVRGATGLGLKEAKDLVESAPAALKEGVSKDDAEALKKALEEAGAEVEVK,68
68,KCGDCHHPVNGKEDYRKCGTAGCHDSMDKKDKSAKGYYHVMHDKNTKFKSCVGCHVEVAGADAAKKKDLTGCKKSKCHE,79
69,VYNATAGGIISKILRKEKGGYEITIVDASNERQVIDIIPRGLELLVSEGESIKLDQPLTS,60
70,AAPGKPTIAWGNTKFAIVEVDQAATAYNNLVKVKNAADVSVSWNLWNGDTGTTAKILLNGKEAWSGPSTGSSGTANFKVNKGGRYQMQVALCNADGCTASDATEIVVAD,109
71,YGRGWTGVNGYQNNIPFTGTATGPVKGTWENGIVDYRQIAGQFMSGEWQYTYDATAEAPYVFKPSTGDLITFD,73
72,MHPRFQTAFAQLADNLQSALEPILADKYFPALLTGEQVSSLKSATGLDEDALAFALLPLAAACARTPLSNFNVGAIARGVSGTWYFGANMEFIGATMQQTVHAEQSAISHAWLSGEKALAAITVNYTPCGHCRQFMNELNSGLDLRIHLPGREAHALRDYLPDA,164
73,FGPKDLEIKTLLMDEQDHGYALTGDALSQAAIAAANRSHMPYSKSPSGVALECKDGRIFSGSYAENAAFNPTLPPLQGALILLNLKGYDYPDIQRAVLAEKADAPLIQWDATSATLKALGCHSIDRVLLA,130
74,EPAERLGGAGAKYPLHVVASHPKSRLHSQLNGTSLRDLYAVAGHEPCLINPADAAARGIADGDVLRVFNDRGQILVGAKVSDAVMPGAIQIYEGGWYDPLDPSEEGTLDKYGDVNVLSLDVGTSKLAQGNCGQTILADVEKYAGAPVTVTVFDTPKGA,158
75,KPITIEVVSMDWKWFFIYPEQGIATVNEIAFPANTPVYFKVTSNSVMHSFFIPRLGSQIYAMAGMQTRLHLIANEPGTYDGICAEICGPGHSGMKFKAIATPDRAAFDQWVAKAKQSPNTMSDMAAFEKLAAPSEYNQVEYFSNVKPDLFADVINKFM,158
76,GYTLWNDQIVKDEEVKIDKEDRGYQFGDGVYEVVKVYNGEMFTVNEHIDRLYASAEKIRITIPYTKDKFHQLLHELVEKNELNTGHIYFQVTRGTSPRAHQFPENTVKPVIIGYTKENP,119
77,RPLENLEKGVKATFVEDIRWLRCDIKSLNLLGAVLAKQEAHEKGCYEAILHRNNTVTEGSSSNVFGIKDGILYTHPANNMILKGITRDVVIACANEINMPVKEIPFTTHEALKMDELFVTSTTSEITPVIEIDGKLIRDGKVGEWTRKLQKQFETKIP,158
78,EEDPTFRVSTHQTIISGMGELLKREFKVDANVGKPQV,37
79,GPIKDALAYAWGVFAANTDYPCLTRKEFEGIDYDRETNLNLTKLEVITIMEQAFCYLNGKSPIKGVFVFDDEGKESVNFVAFNKITDVINNIEDQWSVRRLMQALGTDLIVNNFDRMYW,119
80,MNLDIHCEQLSDARWTELLPLLQQYEVVRLDDCGLTEEHCKDIGSALRANPSLTELCLRTNELGDAGVHLVLQGLQSPTCKIQKLSLQNCSLTEAGCGVLPSTLRSLPTLRELHLSDNPLGDAGLRLLCEGLLDPQCHLEKLQLEYCRLTAASCEPLASVLRATRALKELTVSNNDIGEAGARVLGQGLADSACQLETLRLENCGLTPANCKDLCGIVASQASLRELDLGSNGLGDAGIAELCPGLLSPASRLKTLWLWECDITASGCRDLCRVLQAKETLKELSLAGNKLGDEGARLLCESLLQPGCQLESLWVKSCSLTAACCQHVSLMLTQNKHLLELQLSSNKLGDSGIQELCQALSQPGTTLRVLCLGDCEVTNSGCSSLASLLLANRSLRELDLSNNCVGDPGVLQLLGSLEQPGCALEQLVLYDTYWTEEVEDRLQALEGSKPGLRVIS,456
81,DCYCRIPACIAGERRYGTCIYQGRLWAFCC,30
82,SVGVNVMLKLLEKAAKVMGDYTDIEIIEAHHRHKVDAPSGTALAMGEAIAHALDKDLKDCAVYSREGHTGERVPGTIGFATVRAGDIVGEHTAMFADIGERLEITHKASS,110
83,AKWVYKFEEGNASMRNLLGGKGCNLAEMTILGMPIPQGFTVTTEACTEYYNSGKQITQEIQDQIFEAITWLEELNGKKFGDTEDPLLVSVRSAARASMPGMMDTILNLGLNDVAVEGFAKKTGNPRFAYDSYRRFIQMYSDVVMEVPKSHFEKIIDAMKEEKGVHFDTDLTADDLKELAEKFKAVYKEAMNGEEFPQEPKDQLMGAVKAVFRSWDNPRAIVYRRMNDIPGDWGTAVNVQTM,241
84,VFGNKGETSGTGVAFTRNPSTGEKGIYGEYLINAQGEDVVAGVRTPQPITQLENDMPDCYKQFMDLAMKLEKHFRDMQDMEFTIEEGKLYFLQTRNGKRTAPAALQIACDLVDEGMITEEEAVVRIEAKS,130
85,LDQLLHPTFNPAALKAGEVIGSALPASPGAAAGKVYFTADEAKAAHEKGERVILVRLETSPEDIEGMHAAEGILTVRGGMTSHAAVVARGMGTCCVSGCGEIKINEEAKTFELGGHTFAEGDYISLDGSTGKIIETQEASVSGS,144
86,FERIMVWADKFRTLKVRTNADTPEDTLNAVKLGAEGIGLCRTEHMFFEADRIMKIRKMILSDSVEAREEALNELIPFQKGDFKAMYKALEGRPMTVRYLDPPLHEFVPHTEEEQAELAKNMGLTLAEVKAKVDELHEFNPMMGHRGCRLAVTYPEIAKMQTRAVMEAAIEVKEETGIDIVPEIMIPLVGEKKELKFVKDVVVEVAEQVKKEKGSDMQYHIGTMIEIPRAALTADAIAEEAEFFSFGTNDLTQMTFGFSRDDAGKFLDSYYKAKIYESDPFARLDQTGVGQLVEMAVKKGRQTRPGLKCGICGEHGGDPSSVEFCHKVGLNYVSCSPFRVPIARLAAAQAALNNK,354
87,MLTEGISIQSYDGHTFGALVGSPAKAPAPVIVIAQEIFGVNAFMRETVSWLVDQGYAAVCPDLYARQAPGTALDPQDERQREQAYKLWQAFDMEAGVGDLEAAIRYARHQPYSNGKVGLVGYCLGGALAFLVAAKGYVDRAVGYYGVGLEKQLNKVPEVKHPALFHMGGQDHFVPAPSRQLITEGFGANPLLQVHWYEEAGHSFARTSSSGYVASAAALANERTLDFLAPLQS,233
88,VLLLDVTPLSLGIETMGGVMTTLIAKNTTIPTKHSQVFSTAEDNQSAVSIHVLQGERKRAADNKSLGQFNLDGINPAPRGMPQIEVTFDIDADGILHVSAKDKNSGKEQKITIKASSGLNEDEIQKMVRDAEANAEADRKFEELVQTRNQGDHLLHSTRKQVEEAGDKLPADDKTAIESALTALETALKGEDKAAIEAKMQELAQVSQKLMEIAQ,215
89,TTKDVIQKGISVVGDLLGVVGFPFGGALVSFYTNFLNTIWPSEDPWKAFMEQVEALMDQKIADYAKNKALAELQGLQNNVEDYVSALSSWQKNPVSSRNPHSQGRIRELFSQAESHFRNSMPSFAISGYEVLFLTTYAQAANTHLFLLKDAQIYGEEWGYEKEDIAEFYKRQLKLTQEYTDHCVKWYNVGLDKLRGSSYESWVNFNRYRREMTLTVLDLIALFPLYDVR,229
90,RDVLTDPIVGVNNLRGYGTTFSNIENYIRKPHLFDYLHRIQFHTRFQPGYYGNDSFNYWSGNYVSTRPSIGSNDIITSPFYGNKSSEPVQNLEFNGEKVYRAVANTNLAVWPSAVYSGVTKVEFSQYNDQTDEASTQTYDSKRNVGAVSWDSIDQLPPETTDEPLEKGYSHQLNYVMCFLMQGSRGTIPVLTWTHKS,197
91,TTHLVWFRQDLRLHDNLALAAACRNSSARVLALYIATPRQWATHNMSPRQAELINAQLNGLQIALAEKGIPLLFREVDDFVASVEIVKQVCAENSVTHLFYNYQYEVNERARDVEVERALRNVVCEGFDDSVILPPGAVMTGNHEMYKVFTPFKNAWLKRLREGMPECVAAPKVRSSGSIEPSPSITLNYPRQSFDTAHFPVEEKAAIAQLRQFCQNGAGEYEQQRDFPAVEGTSRLSASLATGGLSPRQCLHRLLAEQPQALDGGAGSVWLNELIWREFYRHLITYHP,289
92,SLCKHRPFIAWTDRVQWQSNPAHLQAWQEGKTGYPIVDAAMRQLNSTGWMHNRLRMITASFLVKDLLIDWREGERYFMSQLIDGDLAANNGGWQWAASTGTDAAPYFRIFNPTTQGEKFDHEGEFIRQWLPELRDVPGKVVHEPWKWAQKAGVTLDYPQPIVEHKEARVQTLAAYEAARK,180
93,VSEIKTLVTFFGGTGDLAKRKLYPSVFNLYKKGYLQKHFAIVGTARQALNDDEFKQLVRDCIKDFTDDQAQAEAFIEHFSYRAHDVTDAASYAVLKEAIEEAADKFDIDGNRIFYMSVAPRFFGTIAKYLKSEGLLADTGYNRLMIEKPFGTSYDTAAELQNDLENAFDDNQLFRID,177
94,HYLGKEMVQNIAALRFGNPIFDAAWNKDYIKNVQVTLSEVLGVEERAGYYDTAGALLDMIQNHTMQIVGWLAMEKPESFTDKDIRAAKNAAFNALKIYDEAEVNKYFVRAQYGAGDSADFKPYLEELDVPADSKNNTFIAGELQFDLPRWEGVPFYVRSGKRLAAKQTRVDIVFKAGTFNFGSEQEAQEAVLSIIIDPKGAIELKLNAKSVEDAFNTRTIDLGWTVSDEDKKNTPEPYERMIHDTMNGDGSNFADWNGVSIAWKFVDAISAVYTADKAPLETYKSGSMGPEASDKLLAANGDAWVFKG,308
95,GGDLGKDLTQAWAVAMALGVEDKVTVPLFEGVQKTQTIRSASDIRDVFINAGIKGEEYDAAWNS,64
96,SKRYFVTGTDTEVGKTVASCALLQAAKAAGYRTAGYKPVASGSEKTPEGLRNSDALALQRNSSLQLDYATVNPYTFAEPTSPHIISAQEGRPIESLVMSAGLRALEQQADWVLVEGAGGWFTPLSDTFTFADWVTQEQLPVILVVGVKLGCINHAMLTAQVIQHAGLTLAGWVANDVTPPGKRHAEYMTTLTRMIPAPLLGEIPWLAEAATGKYINLALL,220
97,MMKKIDVKILDPRVGKEFPLPTYATSGSAGLDLRACLNDAVELAPGDTTLVPTGLAIHIADPSLAAMMLPRSGLGHKHGIVLGNLVGLIDSDYQGQLMISVWNRGQDSFTIQPGERIAQMIFVPVVQAEFNLVEDF,136
98,LSADQISTVQASFDKVKGDPVGILYAVFKADPSIMAKFTQFAGKDLESIKGTAPFETHANRIVGFFSKIIGELPNIEADVNTFVASHKPRGVTHDQLNNFRAGFVSYMKAHTDFAGAEAAWGATLDTFFGMIFSKM,136
99,AGGGYWHTSGREILDANNVPVRIAGINWFGFETCNYVVHGLWSRDYRSMLDQIKSLGYNTIRLPYSDDILKPGTMPNSINFYQMNQDLQGLTSLQVMDKIVAYAGQIGLRIILDRHRPDCSGQSALWYTSSVSEATWISDLQALAQRYKGNPTVVGFDLHNEPHDPACWGCGDPSIDWRLAAERAGNAVLSVNPNLLIFVEGVQSYNGDSYWWGGNLQGAGQYPVVLNVPNRLVYSAHDYATSVYPQTWFSDPTFPNNMPGIWNKNWGYLFNQNIAPVWLGEFGTTLQSTTDQTWLKTLVQYLRPTAQYGADSFQWTFWSWNPDSGDTGGILKDDWQTVDTVKDGYLAPIKSSIFDPV,358
100,ILVIRKGWLTINNIGIMKGGSKEYWFVLTAENLSWYKDDEEKEKKYMLSVDNLKLRDVEKGFMSSKHIFALFNTEQRNVYKDYRQLELACETQEEVDSWKASFLRAGVYPERV,113
101,GKALVIVESPAKAKTINKYLGSDYVVKSSVGHIRDLPDERGALVNRMGVDPWHNWEAHYEVLPGKEKVVSELKQLAEKADHIYLATDLDREGEAIAWHLREVIGGDDARYSRVVFNEITKNAIRQAFNKPGELNIDRVN,139
102,PGAPFITSTLQQAASTRLGFGVKKTMMMAQRLYEAGYITYMRTDSTNLSQDAVNMVRGYISDNFGKKYLPESPNQYAHEAIRPSDVNVMAESLKDMEADAQKLYQLIWRQFVACQMT,117
103,ATPHINAEMGDFADVVLMPGDPLRAKYIAETFLEDAREVNNVRGMLGFTGTYKGRKISVMGHGMGIPSCSIYTKELITDFGVKKIIRVGSCGAVLPHVKLRDVVIGMGACTDSKVNRIRFKDHDFAAIADFDMVRNAVDAAKALGIDARVGNLFSADLFYSPDGEMFDVMEKYGILGVEMEAAGIYGVAAEFGAKALTICTVSDHIRTHEQTTAAERQTTFNDMIKIALESVLLGDK,237
104,MINAIRTPDQRFSNLDQYPFSPNYLDDLPGYPGLRAHYLDEGNSDAEDVFLCLHGEPTWSYLYRKMIPVFAESGARVIAPDFFGFGKSDKPVDEEDYTFEFHRNFLLALIERLDLRNITLVVQDWGGFLGLTLPMADPSRFKRLIIMNACLMTDPVTQPAFSAFVTQPADGFTAWKYDLVTPSDLRLDQFMKRWAPTLTEAEASAYAAPFPDTSYQAGVRKFPKMVAQRDQACIDISTEAISFWQNDWNGQTFMAIGMKDKLLGPDVMYPMKALINGCPEPLEIADAGHFVQEFGEQVAREALKHFAETE,310
105,VDGDQCESNPCLNGGSCKDDINSYECWCPFGFEGKNCEL,39
106,TPHTKFEASVYVLKKEEGGRHTGFFSGYRPQFYFRTTDVTGVVRLPQGVEMVMPGDNVTFTVELIKPVALEEGLRFAIREGGRTVGAGVVTKILE,95
107,CSCSSLMDKECVYFCHLDIIW,21
108,AVVKDFDISKFLGFWYEIAFASKMGTPGLAHKEEKMGAMVVELKENLLALTTTYYSEDHCVLEKVTATEGDGPAKFQVTRLSGKKEVVVEATDYLTYAIIDITSLVAGAVHRTMKLYSRSLDDNGEALYNFRKITSDHGFSETDLYILKHDLTCVKVLQSAAES,164
109,DPVPTVFFGDSYTANFGIAPVTNQDSERGWCFQAKENYPAVATRSLADKGITLDVQADVSCGGALIHHFWEKQELPFGAGELPPQQDALKQDTQLTVGSLGGNTLGFNRILKQCSDELRKPSLLPGDPVDGDEPAAKCGEFFGTGDGKQWLDDQFERVGAELEELLDRIGYFAPDAKRVLVGYPRLVPEDTTKCLTAAPGQTQLPFADIPQDALPVLDQIQKRLNDAMKKAAADGGADFVDLYAGTGANTACDGADRGIGGLLEDSQLELLGTKIPWYAHPNDKGRDIQAKQVADKIEEILN,302
110,ADEELVKHIAMHVAASKPEFIKPEDVSAEVVEKEYQVQLDIAMQSGKPKEIAEKMVEGRMKKFTGEVSLTGQPFVMEPSKTVGQLLKEH,89
111,WSYNTSTEAMTYDEASAYCQQRYTHLVAIQNKEEIEYLNSILSYSPSYYWIGIRKVNNVWVWVGTQKPLTEEAKNWAPGEPNNRQKDEDCVEIYIKREKDVGMWNDERCSKKKLALCYTA,120
112,FERTKPHVNVGTIGHVDHGKTTLTAAITTVLAKTYGITINTSHVEYDTPTRHYAHVDCPGHADYVKNMITGAAQMDGAILVVAATDGPMPQTREHILLGRQVGVPYIIVFLNKCDMVDDEELLELVEMEVRELLSQYDFPGDDTPIVRGSALKALEGDAEWEAKILELAGFLDSYIP,177
113,GICAPFTIPDVALEPGQQVTVPVAVTNQSGIAVPKPSLQLDASPDWQVQGSVEPLMPGRQAKGQVTITVPAGTTPGRYRVGATLRTSAGNASTTFTVTVG,100
114,TTYFNYPSKELQDELREIAQKIVAPGKGILAADESGPTMGKRLQDIGVENTEDNRRAYRQLLFSTDPKLAENISGVILFHETLYQKADDGTPFAEILKKKGIILGIKVDKGVVPLFGSEDEVTTQGLDDLAARCAQYKKDGCDFAKWRCVLKIGKNTPSYQSILENANVLARYASICQSQRIVPIVEPEVLPDGDHDLDRAQKVTETVLAAVYKALSDHHVYLEGTLLKPNMVTAGQSAKKNTPEEIALATVQALRRTVPAAVTGVTFLSGGQSEEEATVNLSAINNVPLIRPWALTFSYGRALQASVLRAWAGKKENIAAGQNELLKRAKANGDAAQGKYVAGSAGAGSGSLFVANHAY,360
115,FVLTPGNPRWENTHLTYRIENYTPDLSREDVDRAIEKAFQLWSNVSPLTFTKVSEGQADIMISFVRGDHRDNSPFDGPGGNLAHAFQPGPGIGGDAHFDEDERWTKNFRDYNLYRVAAHELGHSLGLSHSTDIGALMYPNYIYTGDVQLSQDDIDGIQAIYGPSENPVQPSGPQT,175
116,FNKEQQNAFYEILHLPNLNEEQRNGFIQSLKDDPSQSANLLAE,43
117,QVQLKESGPGLVAPSQSLSITCTVSGFSLTGYGVNWVRQPPGKGLEWLGMIWGDGNTDYNSALKSRLSISKDNSKSQVFLKMNSLHTDDTARYYCARERDYRLDYWGQGTTLTVSSASTTPPSVFPLAPGSAAQTNSMVTLGCLVKGYFPEPVTVTWNSGSLSSGVHTFPAVLQSDLYTLSSSVTVPSSPRPSETVTCNVAHPASSTKVDKKIVPRDC,218
118,ARTVVLITGCSSGIGLHLAVRLASDPSQSFKVYATLRDLKTQGRLWEAARALACPPGSLETLQLDVRDSKSVAAARERVTEGRVDVLVCNAGLGLLGPLEALGEDAVASVLDVNVVGTVRMLQAFLPDMKRRGSGRVLVTGSVGGLMGLPFNDVYCASKFALEGLCESLAVLLLPFGVHLSLIECGPVHTAFMEKVLGSPEEVLDRTDIHTFHRFYQYLAHSKQVFREAAQNPEEVAEVFLTALRAPKPTLRYFTTERFLPLLRMRLDDPSGSNYVTAMHREVFG,285
119,AYVINDSCIACGACKPECPVNIIQGSIYAIDADSCIDCGSCASVCPVGAPNPED,54
120,VNQFLTQYFLHQQPANCKVESLAMFLGELSLIDADPYLKYLPSVIAGAAFHLALYTVTGQSWPESLIRKTGYTLESLKPCLMDLHQTYLKAPQHAQQSIREKYKNSKYHGVSLLNPPETLNL,122
121,VPDYHEDIHTYLREMEVKCKPKVGYMKKQPDITNSMRAILVDWLVEVGEEYKLQNETLHLAVNYIDRFLSSMSVLRGKLQLVGTAAMLLASKFEEIYPPEVAEFVYITDDTYTKKQVLRMEHLVLKVLTFDLAAPT,136
122,QPILLELEAPLKICGDIHGQYYDLLRLFEYGGFPPESNYLFLGDYVDRGKQSLETICLLLAYKIKYPENFFLLRGNHECASINRIYGFYDECKRRYNIKLWKTFTDCFNCL,111
123,GVQVETISPGDGRTFPKRGQTCVVHYTGMLEDGKKFDSSRDRNKPFKFMLGKQEVIRGWEEGVAQMSVGQRAKLTISPDYAYGATGHPGIIPPHATLVFDVELLKLE,107
124,HSKKMEEGITVNKFKPKTPYVGRCLLNTKITGDDAPGETWHMVFSHEGEIPYREGQSVGVIPDGEDKNGKPHKLRLYSIASSALGDFGDAKSVSLCVKRLIYTNDAGETIKGVCSNFLCDLKPGAEVKLTGPVGKEMLMPKDPNATIIMLGTGTGIAPFRSFLWKMFFEKHDDYKFNGLAWLFLGVPTSSSLLYKEEFEKMKEKAPDNFRLDFAVSREQTNEKGEKMYIQTRMAQYAVELWEMLKKDNTYVYMCGLKGMEKGIDDIMVSLAAAEGIDWIEYKRQLKKAEQWNVEVY,296
125,MERNKLARQIIDTCLEMTRLGLNQGTAGNVSVRYQDGMLITPTGIPYEKLTESHIVFIDGNGKHEEGKLPSSEWRFHMAAYQSRPDANAVVHNHAVHCTAVSILNRSIPAIHYMIAAAGGNSIPCAPYATFGTRELSEHVALALKNRKATLLQHHGLIACEVNLEKALWLAHEVEVLAQLYLTTLAITDPVPVLSDEEIAVVLEKF,206
126,VRSEKDSMGAIDVPADKLWGAQTQRSLEHFRISTEKMPTSLIHALALTKRAAAKVNEDLGLLSEEKASAIRQAADEVLAGQHDDEFPLAIWQTGSGTQSNMNMNEVLANRASELLGGVRGMERKVHPNDDVNKSQS,136
127,SNDVFPTAMHVAALLALRKQLIPQLKTLTQTLNEKSRAFADIVKIGRTHLQDATPLTLGQEISGWVAMLEHNLKHIEYSLPHVAELALGGTAVGTGLNTHPEYARRVADELAVITCAPFVTAPNKFEALATCDALVQAHGALKGLAASLMKIANDVRWLASGPRCGIGEISIPENEPMPGKVNPTQCEALTMLCCQVMGNDVAINMGGASGNFELNVFRPMVIHNFLQSVRLLADGMESFNKHCAVGIEP,250
128,NRERINQLLNESLMLVTALNTHIGYDKAAEIAKKAHKEGLTLKAAALALGYLSEAEFDSWVRPEQM,66
129,ASYKVTLKTPDGDNVITVPDDEYILDVAEEEGLDLPYSCRAGACSTCAGKLVSGPAPDEDQSFLDDDQIQAGYILTCVAYPTGDCVIETHKEEALY,96
130,GTWTRPHKAQVDSWETVFGNEGWNWDNVAAYSLQAERARAPNAKQIAAGHYFNASCHGVNGTVHAGPRDTGDDYSPIVKALMSAVEDRGVPTKKDFGCGDPHGVSMFPNTLHEDQV,116
131,DQTTATVRSRITSAGAGQGQAAWFATFNETFGDYSEKAHELLNTKLEQWAEEAVARGGFHNTTALLIQYENYRDWIVNHNVAYSELFLDTAGVASFDVWDLLPFTRGYVHILDKDPYLHHFAYDPQYFLNELDLLGQAAATQLARNISNSGAMQTYFAGETIPGDNLAYDADLSAWTEYIPYHFRP,186
132,DSTPVTNQKSSGRCWLFAATNQLRLNVLSELNLKEFELSQAYLFFYDKLEKANYFLDQIVSSADQDIDSRLVQYLLAAPTEDGGQYSMFLNLVKKYGLIPKDLYGDLPYSTTASRKWNSLLTTKLREFAETLRTALKERSADDSIIVTLREQMQREIFRLMSLFMDIPPVQPNEQFTWEYVDKDKKIHTIKSTPLEFASKYAKL,204
133,AVKVGINGFGRIGRNVFRAALKNPDIEVVAVNDLTDANTLAHLLKYDSVHGRLDAEVSVNGNNLVVNGKEIIVKAERDPENLAWGEIGVDIVVESTGRFTKREDAAKHLEAGAKKVIISAPAKNEDITIVMGVNQDKYDPKAHHVISNASCTTNCLAPFAKVLHEQFGIVRGMMTTVHSYTNDQRILDLPHKDLRRARAAAESIIPTTTGAAKAVALVLPELKGKLNGMAMRVPTPNVSVVDLVAELEKEVTVEEVNAALKAAAEGELKGILAYSEEPLVSRDYNGSTVSSTIDALSTMVIDGKMVKVVSWYDNETGYSHRVVDLAAYIASKGL,334
134,GALTESQAALVKSSWEEFNANIPKHTHRFFILVLEIAPAAKDLFSFLKGTSEVPQNNPELQAHAGKVFKLVYEAAIQLEVTGVVVTDATLKNLGSVHVSKGVADAHFPVVKEAILKTIKEVVGAKWSEELNSAWTIAYDELAIVIKKEMDDAA,153
135,RMKQIEDKIEEILSKIYHIENEIARIKKLIGER,33
136,TANDMNRNVLCTSNPYESQLHAEAYEWAKKISEHLLPRTEPILGQTYLPRKFKTTVVIPPQNDIDLHANDMNFVAIAENGKLVGFNLLVGGGLSIEHGNKKTYARTASEFGYLPLEHTLAVAEAVVTTQRDWGNRTDRKNAKTKYTLERVGVETFKAEVERRAGIKFEPIRPYEFTGRG,179
137,AVTPQRENSMACVSFPTCPLAMAEAERFLPSFIDNIDNLMAKHGVSDEHIVMRVTGCPNGCGRAMLAEVGLVGKAPGRYNLHLGGNRIGTRIPRMYKENITEPEILASLDELIGRWAKEREAGEGFGDFTVRAGIIRPVLDPARDLWD,148
138,ASKGEELFTGVVPILVELDGDVNGHKFSVSGEGEGDATYGKLTLKFICTTGKLPVPWPTLVTTFSYGVQCFSRYPDHMKRHDFFKSAMPEGYVQERTIFFKDDGNYKTRAEVKFEGDTLVNRIELKGIDFKEDGNILGHKLEYNYNSHNVYIMADKQKNGIKVNFKIRHNIEDGSVQLADHYQQNTPIGDGPVLLPDNHYLSTQSALSKDPNEKRDHMVLLEFVTAAGIT,230
139,IGVCYGVIGNNLPSRSDVVQLYRSKGINGMRIYFADGQALSALRNSGIGLILDIGNDQLANIAASTSNAASWVQNNVRPYYPAVNIKYIAAGNEVQGGATQSILPAMRNLNAALSAAGLGAIKVSTSIRFDEVANSFPPSAGVFKNAYMTDVARLLASTGAPLLANVYPYFAYRDNPGSISLNYATFQPGTTVRDQNNGLTYTSLFDAMVDAVYAALEKAGAPAVKVVVSESGWPSAGGFAASAGNARTYNQGLINHVGGGTPKKREALETYIFAMFNENQKTGDATERSFGLFNPDKSPAYNIQF,306
140,PDVAAPTGPYRQSERLPLYQKYAEELLKRGWAYRAFETPEELEQIRKEKGGYDGRARNIPPEEAEERARRGEPHVIRLKVPRPGTTEVKDELRGVVVYDNQEIPDVVLLKSDGYPT,116
141,SLEEVAERVKPFLREAGLSWESEAYLRRAVELMRPRFDTLKEFPEKAR,48
142,YLFTEDYPVSEKAQRKLEEGLPLLKELYPRLRAQEEWTEAALEALLRGFAAEKGVKLGQVAQPLRAALTGSLETPGLFEILALLGKERALRRLERALA,98
143,DVSGTVCLSALPPEATDTLNLIASDGPFPYSQDGVVFQNRESVLPTQSYGYYHEYTVITPGARTRGTRRIICGEATQEDYYTGDHYATFSLIDQTC,96
144,VPSTETEALASNLMGMFEKRRFRKFLVFVANFDENDPKTFEGVDPQNTSMRDVYRKFDLGQDVIDFTGHALALYRTDDYLDQPCLETINRIKLYSES,97
145,ASAPIGSAISRNNWAVTCDSAQSGNECNKAIDGNKDTFWHTFYGANGDPKPPHTYTIDMKTTQNVNGLSMLPRQDGNQNGWIGRHEVYLSSDGTNWGSPVASGSWFADSTTKYSNFETRPARYVRLVAITEANGQPWTSIAEINVFQASSYTA,153
146,VSSTTRTPRAGEVNGKDYNFVSVDEFKSMIKNNEFIEWAQFSGNYYGSTV,50
147,PQPGLGRWGPTIDLPIVPAAAAIEPTSGRVLMWSSYRNDAFGGSPGGITLTSSWDPSTGIVSDRTVTVTKHDMFCPGISMDGNGQIVVTGGNDAKKTSLYDSSSDSWIPGPDMQVARGYQSSATMSDGRVFTIGGSWSGGVFEKNGEVYSPSSKTWTSLPNAKVNPMLTADKQGLYRSDNHAWLFGWKKGSVFQAGPSTAMNWYYTSGSGDVKSAGKRQSNRGVAPDAMCGNAVMYDAVKGKILTFGGSPDYQDSDATTNAHIITLGEPGTSPNTVFASNGLYFARTFHTSVVLPDGSTFITGGQRRGIPFEDSTPVFTPEIYVPEQDTFYKQNPNSIVRVYHSISLLLPDGRVFNGGGGLCGDCTTNHFDAQIFTPNYLYNSNGNLA,388
148,TRPKITRTSTQSVKVGGRITISTDSSISKASLIRYGTATHTVNTDQRRIPLTLTNNGGNSYSFQVPSDSGVALPGYWMLFVMNSAGVPSVASTIRVTQ,98
149,RTVYAFSARPLAGGEPFNLSSLRGKVLLIENVASLGTTVRDYTQMNDLQRRLGPRGLVVLGFPCNQFGHQENAKNEEILNCLKYVRPGGGFEPNFMLFEKCEVNGEKAHPLFAFLREVLPTPSDDATALMTDPKFITWSPVCRNDVSWNFEKFLVGPDGVPVRRYSRRFLTIDIEPDIETLLS,183
150,LSAEDKAAVERSKMIDRNLREDGEKAAR,28
151,IQMRTRRTLRGHLAKIYAMHWGTDSRLLVSASQDGKLIIWDSYTTNKVHAIPLRSSWVMTCAYAPSGNYVACGGLDNICSIYNLKTREGNVRVSRELAGHTGYLSCCRFLDDNQIVTSSGDTTCALWDIETGQQTTTFTGHTGDVMSLSLAPDTRLFVSGACDASAKLWDVREGMCRQTFTGHESDINAICFFPNGNAFATGSDDATCRLFDLRADQELMTYSHDNIICGITSVSFSKSGRLLLAGYDDFNCNVWDALKADRAGVLAGHDNRVSCLGVTDDGMAVATGSWDSFLKIWN,298
152,GFSSEDKGEWKLKLDNAGNGQAVIRFLPSKNDEQAPFAILVNHGFKKNGKWYIETCSSTHGDYDSCPVCQYISKNDLYNTDNKEYSLVKRKTSYWANILVVKDPAAPENEGKVFKYRFGKKIWDKINAMIAVDVEMGETPVDVTCPWEGANFVLKVKQVSGFSNYDESKFLNQSAIPNIDDESFQKELFEQMVDLSEMTSKDKFKSFEELNTKFGQVM,218
153,ENIHKHRILILDFGSQYTQLVARRVRELGVYCELWAWDVTEAQIRDFNPSGIILSGGPESTTEENSPRAPQYVFEAGVPVFGVCYGMQTMAMQLGGHVEASNEREFGYAQVEVVNDSALVRGIEDALTADGKPLLDVWMSHGDKVTAIPSDFITVASTESCPFAIMANEEKRFYGVQFHPEVTHTRQGMRMLERFVRDICQCEALW,206
154,TPAKIIDDAVARIREQVGDDKVILGLSGGVDSSVTAMLLHRAIGKNLTCVFVDNGLLRLNEAEQVLDMFGDHFGLNIVHVPAEDRFLSALAGENDPEAKRKIIGRVFVEVFDEEALKLEDVKWLAQGTIYPDVIEMKMGLVEPLKELFKDEVRKIGLELGLPYDMLYRHPFPGPGLGV,178
155,QAIPMTLRGAEKLREELDFLKSVRRPEIIAAIAEAREHGDLKENAEYHAAREQQGFCEGRIKDIEAKLSNAQVI,74
156,DVTKMPNNGRVIFGATVTVLNLDSDEEQTYRIVGDDEADFKQNLISVNSPIARGLIGKEEDDVVVIVEFEVIKVEYL,77
157,GWDTLKGKTIAIQGYGNAGYYLAKIMSEDFGMKVVAVSDSKGGIYNPDGLNADEVLKWKNEHGSVKDFPGATNITNEELLELEVDVLAPAAIEEVITKKNADNIKAKIVAEVANGPVTPEADEILFEKGILQIP,134
158,LRRRARLSRLVSFSASHRLHSPSLSAEENLKVFGKCNNPNGHGHNYKVVVTIHGEIDPVTGMVMNLTDLKEYMEEAIMKPLDHKNLDLDVPYFADVVSTTENVAVYIWENLQRLLPVGALYKVKVYETDNNIVVYKGE,138
159,ASSVNELENWSKWMQPIPDSIPLARISIPGTHDSGTFKLQNPIKQVWGMTQEYDFRYQMDHGARIFDIRGRLTDDNTIVLHHGPLYLYVTLHEFINEAKQFLKDNPSETIIMSLKKEYEDMKGAEDSFSSTFEKKYFVDPIFLKTEGNIKLGDARGKIVLLKRYSGSNEPGGYNNFYWPDNETFTTTVNQNANVTVQDKYKVSYDEKVKSIKDTMDETMNNSEDLNHLYINFTSLSSGGTAWNSPYYYASYINPEIANYIKQKNPARVGWVIQDYINEKWSPLLYQEVIRANKSLI,296
160,SIRSLGYMGFAVSDVAAWRSFLTQKLGLMEAGTTDNGDLFRIDSRAWRIAVQQGEVDDLAFAGYEVADAAGLAQMADKLKQAGIAVTTGDASLARRRGVTGLITFADPFGLPLEIYYGASEVFEKPFLPGAA,132
161,VSGFLTGEQGLGHFVRCVPDSDKALAFYTDVLGFQLSDVIDMKMGPDVTVPAYFLHCNERHHTLAIAAFPLPKRIHHFMLEVASLDDVGFAFDRVDADGLITSTLGRHTNDHMVSFYASTPSGVEVEYGWSARTVDRSWVVVRHDSPSMWGHKSV,155
162,CSLDNGDCDQFCHEEQNSVVCSCARGYTLADNGKACIPTGPYPCGKQTLER,51
163,GRPRAINKHEQEQISRLLEKGHPRQQLAIIFGIGVSTLYRYFPASSIKKRMN,52
164,SAPANAVAADNATAIALKYNQDATKSERVAAARPGLPPEEQHCADCQFMQADAAGATDEWKGCQLFPGKLINVNGWCASWTLKAG,85
165,VLSGGELDKWEKIRLRPGGKKQYKLKHIVWASRELERFAVNPGLLETSEGCRQILGQLQPSLQTGSEELRSLYNTIAVLYCVHQRIDVKDTKEALDKIEEEQN,103
166,AIILGIDPGSRVTGYGVIRQVGRQLSYLGSGCIRTKVDDLPSRLKLIYAGVTEIITQFQPDYFAIEQVFMAKNADSALKLGQARGVAIVAAVNQELPVFEYAARQVKQTVVGIGSAEKSQVQHMVRTLLKLPANPQADAADALAIAITHCHVSQNAMQ,158
167,SPGVVISDDEPGYDLDLFCIPNHYAEDLERVFIPHGLIMDRTERLARDVMKEMGGHHIVALCVLKGGYKFFADLLDYIKALNRNSDRSIPMTVDFIRLKSYSTGDIKVIGGDDSTLTGKNVLIVEDIIDTGKTMQTLLSLVRQYNPKMVKVASLLVKRTPRSVGYKPDFVGFEIPDKFVVGYALDYNEYFRDLNHVCVISETGKAKYKA,209
168,TNALETWGALGQDINLDIPSFQMSDDIDDIKWEKTSDKKKIAQFRKEKETFKEKDTYKLFKNGTLKIKHLKTDDQDIYKVSIYDTKGKNVLEKIFDLKIQE,101
169,ELNTFVKDLLLPDSEVEHLVIDRKDLVMTNQEIEQTTPKTVRLGIVGKGGQGERIYSTRGIAITLSAYGGGIFAKTGGYLVNGKTRKLHPRECARVMG,98
170,RVSKPKISWTCINTTLTCEVMNGTDPELNLYQDGKHLKLSQRVITHKWTTSLSAKFKCTAGNKVSKESSVEPVSCPEK,78
171,MRLIPLTTAEQVGKWAARHIVNRINAFKPTADRPFVLGLPTGGTPMTTYKALVEMHKAGQVSFKHVVTFNMDEYVGLPKEHPESYYSFMHRNFFDHVDIPAENINLLNGNAPDIDAECRQYEEKIRSYGKIHLFMGGVGNDGHIAFNEPASSLASRTRIKTLTHDTRVANSRFFDNDVNQVPKYALTVGVGTLLDAEEVMILVLGSQKALALQAAVEGCVNHMWTISCLQLHPKAIMVCDEPSTMELKVKTLRYFNELEAENIKGL,266
172,NEVCYERLGCFSDDSPWAGIVERPLKILPSPEKVNTRFLLYTNENPDNFQEIVADPSTIQSSNFNTGRKTRFIIHGFIDKGEESWLSTMCQNMFKVESVNCICVDWKSGSRTAYSQASQNVRIVGAEVAYLVGVLQSSFDYSPSNVHIIGHSLGSHAAGEAGRRTNGAVGRITGLDPAEPCFQGTPELVRLDPSDAQFVDVIHTDIAPFIPNLGFGMSQTAGHLDFFPNGGKEMPGCQKNVLSQIVDIDGIWQGTRDFAACNHLRSYKYYTDSILNPDGFAGFSCASYSDFTANKCFPCSSEGCPQMGHYADRFPGRTKGVGQLFYLNTGDASNFAR,337
173,WRYRVDVTLSGKKVTGHVLVSLFGNKGNSRQYEIFQGTLKPDNTYSNEFDSDVEVGDLEKVKFIWYNNVINLTLPKVGASKITVERNDGSVFNFCSEETVREDVLLTLTAC,111
174,DSRLVVAKNSDIQPTVASLKGKRVGVLQGTTQETFGNEHWAPKGIEIVSYQGQDNIYSDLTAGRIDAAFQDEVAASEGFLKQPVGKDYKFGGPAVKDEKLFG,102
175,AVVKVPLKKFKSIRETMKEKGLLGEFLRTHKYDPAWKYRFGDL,43
176,AASERKALQTEMARIKKWLTFSLG,24
177,GGIAIYWGQNGNEGTLTQTCSTRKYSYVNIAFLNKFGNGQTPQINLAGHCNPAAGGCTIVSNGIRSCQIQGIKVMLSLGGGIGSYTLASQADAKNVADYLWNNFLGGKSSSRPLGDAVLDGIDFDIEHGSTLYWDDLARYLSAYSKQGKKVYLTAAPQCPFPDRYLGTALNTGLFDYVWVQFYNNPPCQYSSGNINNIINSWNRWTTSINAGKIFLGLPAAPEAAGSGYVPPDVLISRILPEIKKSPKYGGVMLWSKFYDDKNGYSSSILDSV,273
178,ESTRCDPDLVLSAMVSDNHGATYVFSGSHYWRLDTNRDGWHSWPIAHQWPQGPSTVDAAFSWEDKLYLIQDTKVYVFLTKGGYTLVNGYPKRLEKELGSPPVISLEAVDAAFVCPGSSRLHIMAGRRLWWLDLKSGAQATWTELPWPHEKVDGALCMEKPLGPNSCSTSGPNLYLIHGPNLYCYRHVDKLNAAKNLPQPQRVSRLLGCTH,210
179,PSCPDLSICLNILGGSLGTVDDCCALIGGLGDIEAIVCLCIQLRALGILNLNRNLQLILNSCGRSYPSNATCPRT,75
180,FSADEDYTLAIAVKKQFYRDLFQIDPDTGRSLIRTQSRRGPIAREFFKHFAEEHAAHTENAWRDRFRKFLLAYGIDDYISYYEAEEPMKNLT,92
181,AKELRCQCIKTYSKPFHPKFIKELRVIESGPHCANTEIIVKLSDGRELCLDPKENWVQRVVEKFLKRAENS,71
182,NSCTHFPGNLPNMLRDLRDAFSRVKTFFQMKDQLDNLLLKESLLEDFKGYLGCQALSEMIQFYLEEVMPQAENQDPDIKAHVNSLGENLKTLRLRLRRCHRFLPCE,106
183,NKSKAVEQVKNAFNKLQEKGIYKAMSEFDIFINYIEAYMTMKIRN,45
184,MSDILQELLRVSEKAANIARACRQQETLFQLLIEEKKEGEKNKKFAVDFKTLADVLVQEVIKENMENKFPGLGKKIFGEESNELTNDLGEKIIMRLGPTEEETVALLSKVLNGNKLASEALAKVVHQDVFFSDPALDSVEINIPQDILGIWVDPIDSTYQYIKGSADITPNQGIFPSGLQCVTVLIGVYDIQTGVPLMGVINQPFVSQDLHTRRWKGQCYWGLSYLGTNIHSLLPPVSTRSNSEAQS,247
185,QGTQNPSSEGSCRFSVVISTSEKETIKGALSHVCGERIFRAAGAGYKSLCVILGLADIYIFSEDTTFKWDSCAAHAILRAMGGGMVDLKECLERNPDTGLDLPQLVYHVGNEGAAGVDQWANKGGLIAYRSEKQLETFLSRLLQHLAPVATHT,153
186,SSVFVPDEWEVSREKITLLRELGQGSFGMVYEGNARDIIKGEAETRVAVKTVNESASLRERIEFLNEASVMKGFTCHHVVRLLGVVSKGQPTLVVMELM,99
187,AHGDLKSYLRSLRPEAENNPGRPPPTLQEMIQMAAEIADGMAYLNAKKFVHRDLAARNCMVAHDFTVKIGDFGMTRDIYETDYYRKGGKGLLPVRWMAPESLKDGVFTTSSDMWSFGVVLWEITSLAEQPYQGLSNEQVLKFVMDGGYLDQPDNCPERVTDLMRMCWQFNPKMRPTFLEIVNLLKDDLHPSFPEVSFFHSEENK,204
188,SFELPALPYAKDALAPHISAETIEYHYGKHHQTYVTNLNNLIKGTAFEGKSLEEIIRSSEGGVFNNAAQVWNHTFYWNCLAPN,83
189,GTNAAMRKAFNYQDTAKNGKKCSGCAQFVPGASPTAAGGCKVIPGDNQIAPGGYCDAFIVKK,62
190,AGGEPTGKVAEAIAASFGSFADFKAQFTDAAIKNFGSGWTWLVKNSDGKLAIVSTSNAGTPLTTDATPLLTVDVWEHAYYIDYRNARPGYLEHFWALVNWEFVAKNLAA,109
191,YIKGIYFDLYGTLFDVHSVVGRCDEYFPGRGREISYLWRQKQLEYTWLRSLMNRYVNFQQYTEDYLRFTCRHLGLDLDYRTRSTLCDYYLRLYPFSEVPDSLRELKRRGLKLYILSNGSPQSIDYVVSHYGLRDGFDHLLSVDPVQVYKPDNRVYELYEQYLGLDRSYILFVSSNYWDYTGYRYFGFPTCWINRTGNVFEEMGQTPDWEVTSLRYVVELF,220
192,MPTLLRVYIDGPHGMGKTTTTQLLVALGDIVYVPEPMTYWRVLGASETIANIYTTQHRLDQGEISAGDAAVVMTSAQITMGMPYAVTDAVLAPHIGGEAGSSAPPPALTLIFDRHPIAALLCYPAARYLMGSMTPQAVLAFVALIPPTLPGTNIVLGALPEDRHIDRLAKRQRPGERLDLAMLAAIRRVYGLLANTVRYLQCGGSWREDWGQLSAGPRPHIGDTLFTLFRAPELLAPNGDLYNVFAWALDVLAKRLRSMHVFILDYDQSPAGCRDALLQLTSGMVQTHVTTPGSIPTICDLARTFAREMGE,311
193,NDKLTLWTTPAPSPNCRLNAEKDAKLTLVLTKCGSQILATVSVLAVKGSLAPISGTVQSAHLIIRFDENGVLLNNSFLDPEYWNFRNGDLTEGTAYTNAVGFMPNLSAYPKSHGKTAKSNIVSQVYLNGDKTKPVTLTITLNGTQETGDTTPSAYSMSFSWDWSGHNYINEIFATSSYTFSYIAQE,186
194,LGINCRGSSQCGLSGGNLMVRIRDQACGNQGQTWCPGERRAKVCGTGNSISAYVQSTNNCISGTEACRHLTNLVNHGCRVCGSDPLYAGNDVSRGQLTVNYVNSC,105
195,MELTPREKDKLLLFTAALVAERRLARGLKLNYPESVALISAFIMEGARDGKSVASLMEEGRHVLTREQVMEGVPEMIPDIQVEATFPDGSKLVTVHNPII,100
196,NTGRATCRVVVENHGDRPIQVGSHYHFAEVNPALKFDRQQAAGYRLNIPAGTAVRFEPGQKREVELVAFAGHRAVFGFRGEVMGPL,86
197,AQAFVNSKIQPGKVVVFIKPTCPFCRKTQELLSQLPFKEGLLEFVDITATSDTNEIQDYLQQLTGARTVPRVFIGKECIGGCTDLESMHKRGELLTRLQQVGAVK,105
198,ALEEAPWPPPEGAFVGFVLSRKEPMWADLLALAAARGGRVHRAPEPYKALRDLKEARGLLAKDLSVLALREGLGLPPGDDPMLLAYLLDPSNTTPEGVARRYGGEWTEEAGERAALSERLFANLWGRLEGEERLLWLYREVERPLSAVLAHME,153
199,TVTVTYDPSNAPSFQQEIANAAQIWNSSVRNVQLRAGGNADFSYYEGNDSRGSYAQTDGHGRGYIFLDYQQNQQYDSTRVTAHETGHVLGLPDHYQGPCSELMSGGGPGPSCTNPYPNAQERSRVNALWANG,132
200,MNIFEMLRIDEGLRLKIYKDTEGYYTIGIGHLLTKSPSLNAAKSELDKAIGRNCNGVITKDEAEKLFNQDVDAAVRGILRNAKLKPVYDSLDAVRRCALINMVFQMGETGVAGFTNSLRMLQQKRWDEAAVNLAKSRWYNQTANRAKRVITTFRTGTWDAYKNL,164
201,TKGLVLGIYSKEDEPQFTSAGENFNKLVSGKLREILNISGPPLKAGKTRTFYGLHEDFPSVVVVGLGKKTAGIDEQENWHEGKENIRAAVAAGCRQIQDLEIPSVEVDPCGDAQAAAEGAVLGLYEYDDLKQKRKVVVSAKLHGSEDQEAWQRGVLFASGQNLARRLMETPANEMTPTKFAEIVEENLKSASIKTDVFIRPKSWIEEQEMGSFLSVAKGSEEPPVFLEIHYKGSPNASEPPLVFVGKGITFDSGGISIKAAANMDLMRADMGGAATICSAIVSAAKLDLPINIVGLAPLCENMPSGKANKPGDVVRARNGKTIQVDNTDAEGRLILADALCYAHTFNPKVIINAATLTGAMDIALGSGATGVFTNSSWLWNKLFEASIETGDRVWRMPLFEHYTRQVIDCQLADVNNIGKYRSAGACTAAAFLKEFVTHPKWAHLDIAGVMTNKDEVPYLRKGMAGRPTRTLIEFLFRFSQ,481
202,ARPCLVCSDEASGCHYGVLTCEGCKAFFKRAVEGQHNYLCKYEGKCIIDKIRRKNCPACRYRKCLQAGMNLEAR,74
203,AKQRESTDAIFVHCSATKPSQNVGVREIRQWHKEQGWLDVGYHFIIKRDGTVEAGRDEMAVGSHAKGYNHNSIGVCLVGGIDDKGKFDANFTPAQMQSLRSLLVTLLAKYEGAVLRAHHEVAPKACPSFDLKRWWEKNELVTSDRG,146
204,DGCYTWSGTLSEGSSGEAVRQLQIRVAGYPGTGAQLAIDGQFGPATKAAVQRFQSAYGLAADGIAGPATFNKIYQLQDDDCT,82
205,PVNFTYAELNRCNSDWSGGKVSAATARANALVTMWKLQAMRHAMGDKPITVNGGFRSVTCNSNVGGASNSRHMYGHAADLGAGSQGFCALAQAARNHGFTEILGPGYPGHNDHTHVAGGDGRFWSAPSCGI,131
206,ISPAFGSSGNPSPVTAYGVYRGMKAAAKEAFGSDSLEGLAVSVQGLGNVAKALCKKLNTEGAKLVVTDVNKAAVSAAVAEEGADAVAPNAIYGVTCDIFAPCALGAVLNDFTIPQLKAKVIAGSADNQLKDPRHGKYLHELGIVYAPDYVINAGGVINVADELYGYNRTRAMKRVDGIYDSIEKIFAISKRDGVPSYVAADRMAEERIAKVAKARSQFLQDQRNILNGR,229
207,CDAFVGTWKLVSSENFDDYMKEVGVGFATRKVAGMAKPNMIISVNGDLVTIRSESTFKNTEISFKLGVEFDEITADDRKVKSIITLDGGALVQVQKWDGKSTTIKRKRDGDKLVVECVMKGVTSTRVYERA,131
208,HYVEPKFLNKAFEVALKVQIIAGFDRGLVKWLRVHGRTLSTVQKKALYFVNRRYMQTHWANYMLWINKKIDALGRTPVVGDYTRLGAEIGRRIDMAYFYDFLKDKNMIPKYLPYMEEINRMRPADVPVKYM,131
209,NATCAIRHPCHGNLMNQIKNQLAQLNGSANALFISYYTAQGEPFPNNVEKLCAPNMTDFPSFHGNGTEKTKLVELYRMVAYLSASLTNITRDQKVLNPTAVSLQVKLNATIDVMRGLLSNVLCRLCNKYRVGHVDVPPVPDHSDKEAFQRKKLGCQLLGTYKQVISVVVQAF,172
210,PLTQEQLEDARRLKAIYEKKKNELGLSQESVADKMGMGQSGVGALFNGINALNAYNAALLAKILKVSVEEFSPSIAREIYEMYEAVS,87
211,GIIINLDEGELCLNSAQCKSNCCQHDTILSLSRCALKARENSECSAFTLYGVYYKCPCERGLTCEGDKSLVGSITNTNFGICHNV,85
212,GLQDDPDLQALLKGSQLLKVKSSSWRRERFYKLQEDCKTIWQESRKVMRSPESQLFSIEDIQEVRMGHRTEGLEKFARDIPEDRCFSIVFKDQRNTLDLIAPSPADAQHWVQGLRKIIH,119
213,AKKIILDCDPGLDDAVAILLAHGNPEIELLAITTVVGNQTLAKVTRNAQLVADIAGITGVPIAAGCDKPLVRKIMTKNKVDERHAVNLIIDLVMSHEPKTITLVPTGGLTNIAMAARLEPRIVDRVKEVVLMGGGYHEGNATSVAEFNIIIDPEAAHIVFNESWQVTMVGLDLTHQALATPPILQRVKEVDTNPARFMLEIMDYYTKIYQSNRYMAAAAVHDPCAVAYVIDPSVMTTERVPVDIELTGKLTLGMTVADFRNPRPEHCHTQVAVKLDFEKFWGLVLDALERIGDPQ,295
214,GQRWELALGRFWDYLRWVQTLSEQVQEELLSSQVTQELRALMDETMKELKAYKSELEEQLTPVAEETRARLSKELQAAQARLGADMEDVCGRLVQYRGEVQAMLGQSTEELRVRLASHLRKLRKRLLRDADDLQKRLAVYQAGA,144
215,RICPRIWMECTRDSDCMAKCICVAGHCG,28
216,PGAISRRSHITLPAYFAGTTENWVSCAGCGVTLGHSLGAFLSLAVAGHSGSDFALASTSFARSAKGKRTDYVEVFDPVTFLPIADIELPDAPRFSVGPRVHIIGNCASSACLLFFLFGSSAAAGLSVPGASDDQLTKSASCFHIHPGAAATHYLGSCPASLAASDLAAAPAAAGIVGAQCTGAQNCSSQAAQANYPGMLVWAVASSILQGDIPAAGATMKAAIDGNESGRKADNFRSAGFQMVAKLKNTDGIMILTVEHSRSCLAAAENTSSVTASVGQTSGPISNGHDSDAIIAAQDGASDNYANSAGTEVLDIYDAASDQDQSSVELDKGPESLSVQNEA,342
217,QDNDIQACDYWRHCSIAGNICDCSAGSLTSCPPGTLVASGSWVGSCYNPPDPNKYITAYRDCCGYNVSGRCACLNTEGELPVYNKDANDIIWCFGGEDGMTYHCSISPVSGA,112
218,GADDVVDSSKSFVMENFSSYHGTKPGYVDSIQKGIQKPKSGTQGNYDDDWKGFYSTDNKYDAAGYSVDNENPLSGKAGGVVKVTYPGLTKVLALKVDNAETIKKELGLSLTEPLMEQVGTEEFIKRFGDGASRVVLSLPFAEGSSSVEYINNWEQAKALSVELEINFETRGKRGQDAMYEYMAQACA,187
219,SCINLDWDVIRDKTKTKIESLKEHGPIKNKMSESPNKTVSEEKAKQYLEEFHQTALEHPELSELKTVTGTNPVFAGANYAAWAVNVAQVIDSETADNLEKTTAALSILPGIGSVMGIADGAVHHNTEEIVAQSIALSSLMVAQAIPLVGELVDIGFAAYNFVESIINLFQVVHNSYN,177
220,RPAYSPGHKTQPFLHDGYAVSWNTVEDSIIRTGFQGESGHDIKITAENTPLPIAGVLLPTIPGKLDVNKSKTHISVNGRKIRMRCRAIDGDVTFCRPKSPVYVGNGVHANLHVAFHRSSSEKIHSNEISSDSIGVLGYQKTVDHTKVNSKLSLFFEIKS,159
221,SGKMTGIVKWFNADKGFGFITPDDGSKDVFVHFSAIQNDGYKSLDEGQKVSFTIESGAKGPAAGNVTSL,69
222,GTGAMAAIIGLDDASIAKACEEAAEGQVVSPVNFNSPGQVVIAGHKEAVERAGAACKAAGAKRALPLPVS,70
223,LGIHSNDTRDAWVNKIAHVNTLEKAAEMLKQFRMDHTTPFRNSYELDNDYLWIEAKLEEKVAVLKARAFNEVDFRHKTAFGEDAKSVLDGTVAKMNAAKDKWEAEKIHIGFRQAYKPPIMPVNYFLDGERQLGTRLMELRNLNYYDTPLEELRKQRGVRVVH,162
224,TPLVKLLGANARPVQAYDSHSLDGVKLATERAVTAAELGFRAVKTKIGYPALDQDLAVVRSIRQAVGDDFGIMVDYNQSLDVPAAIKRSQALQQEGVTWIEEPTLQHDYEGHQRIQSKLNVPVQMGENWLGPEEMFKALSIGACRLAMPDAMKIGGVTGWIRASALAQQFGIPMSSHLFQEISAHLLAATPTAHWLERLDLAGSVIEPTLTFEGGNAVIPDLPGVGII,228
225,DLREVEKSISNLEKSLTSLSEVVLQNRRGLDLLFLKEGGLCAALKEECAFYAD,53
226,AYTTFSATKNDQLKEPMFFGQPVQVARYDQQKYDIFEKLIEKQLSFFWRPEEVDVSRDRIDYQALPEHEKHIFISNLKYQTLLDSIQGRSPNVALLPLISIPELETWVETWAFSETIHSRSYTHIIRNIVNDPSVVFDDIVTNEQIQKRAEGISSYYDELIEMTSYWHLLGEGTHTVNGKTVTVSLRELKKKLYLCLMSVNALEAIRFYVSFACSFAFAERELMEGNAKIIRLIARDEALHLTGTQHMLNLLRSGADDPEMAEIAEECKQECYDLFVQAAQQEKDWADYLFRDGSMIGLNKDILCQYVEYITNIRMQAVGLDLPFNTRSNPIPWINTWLV,340
227,KSCCSCCPVGCAKCSQGCICKEASDKCSCCA,31
228,PPGDINTQPSQKIVFNAPYDDKHTYHIKITNAGGRRIGWAIKTTNMRRLSVDPPCGVLDPKEKVLMAVSCDTFNAATEDLNNDRITIEWTNTPDGAAKQFRREWFQGDGMVRRKNLPIEYNL,122
229,NLRGVMAALLTPFDQQQALDKASLRRLVQFNIQQGIDGLYVGGSTGEAFVQSLSEREQVLEIVAEEGKGKIKLIAHVGCVTTAESQQLAASAKRYGFDAVSAVTPFYYPFSFEEHCDHYRAIIDSADGLPMVVYNIPALSGVKLTLDQINTLVTLPGVGALKQTSGDLYQMEQIRREHPDLVLYNGYDEIFASGLLAGADGGIGSTYNIMGWRYQGIVKALKEGDIQTAQKLQTECNKVIDLLIKTGVFRGLKTVLHYMDVVSVPLCRKPFGPVDEKYQPELKALAQQLMQ,291
230,PKPIFREYIGVKPNSTTLHDFPTEIINTETLEFHYILGFAIESYYESGKGTGTFEESWDVELFGPEKVKNLKRRHPEVKVVISIGGRGVNTPFDPAEENVWVSNAKESLKLIIQKYSDDSGNLIDGIDIHYEHIRSDEPFATLMGQLITELKKDDDLNINVVSIAPSENNSSHYQKLYNAKKDYINWVDYQFSNQQKPVSTDDAFVEIFKSLEKDYHPHKVLPGFSTDPLDTKHNKITRDIFIGGCTRLVQTFSLPGVFFWNANDSVIPKRDGDKPFIVELTLQQLLAA,289
231,KRRIGYGNRPAVIHIDLANAWTQPGHPFSCPGMETIIPNVQRINEAARAKGVPVFYTTNVYRNRDASSGTNDMGLWYSKIPTETLPADSYWAQIDDRIAPADGEVVIEKNRASAFPGTNLELFLTSNRIDTLIVTGATAAGCVRHTVEDAIAKGFRPIIPRETIGDRVPGVVQWNLYDIDNKFGDVESTDSVVQYLDALPQFEDTVPKTLSDPQ,214
232,DWVIPPINLPENSRGPFPQELVRIRSGRDKNLSLRYSVTGPGADQPPTGIFIINPISGQLSVTKPLDRELIARFHLRAHAVDINGNQVENPIDIVINVI,99
233,PAITLENPDIKYPLRLIDKEVVNHDTRRFRFALPSPEHILGLPVGQHIYLSARIDGNLVIRPYTPVSSDDDKGFVDLVIKVYFKDTHPKFPAGGKMSQYLESMKIGDTIEFRGPNGLLVYQGK,123
234,GKFAIRPDKKSSPVIKTVKSVGMIAGGTGITPMLQVIRAIMKDPDDHTVCHLLFANQTEKDILLRPELEELRNEHSARFKLWYTVDRAPEAWDYSQGFVNEEMIRDHLPPPEEEPLVLMCGPPPMIQYACLPNLERVGHPKERCFAF,147
235,MTKWNYGVFFLNFYHVGQQEPSLTMSNALETLRIIDEDTSIYDVVAFSEHHIDKSYNDETKLAPFVSLGKQIHVLATSPETVVKAAKYGMPLLFKWDDSQQKRIELLNHYQAAAAKFNVDIANVRHRLMLFVNVNDNPTQAKAELSIYLEDYLSYTQAETSIDEIINSNAAGNFDTCLHHVAEMAQGLNNKVDFLFCFESMKDQENKKSLMINFDKRVINYRKEHNLN,228
236,PTAAAIAYGLDKKVGAERNVLIFDLGGGTFDVSILTIEDGIFEVKSTAGDTHLGGEDFDNRMVNHFIAEFKRKHKKDISENKRAVRRLRTACERAKRTLSSSTQASIEIDSLYEGIDFYTSITRARFEELNADLFRGTLDPVEKALRDAKLDKSQIHDIVLVGGSTRIPKIQKLLQDFFNGKELNKSINP,190
237,AIERTLSIIKPDGLEKGVIGKIISRFEEKGLKPVAIRLQHLSQAQAEGFYAVHKARPFFKDLVQFMISGPVVLMVLEGENAVLANRDIMGATNPAQAAEGTIRKDFATSIDKNTVHGSDSLENAKIEIAYFFRETEIHSYPYQ,143
238,TLHDKQIRICHLFEQLSSATVHSDRLKNVGKLQPGAIFSCFHPDHLEEARHLYEVFWEAGDFNDFIEIAKEARTFVNEGLFAFAAEVAVLHRDDCKGLYVPPVQEIF,107
239,PVLDAKTAALKRRSIRRYRKDPVPEGLLREILEAALRAPSAWNLQPWRIVVVRDPATKRALREAAFGQAHVEEAPVVLVLYADLEDALAHLDEVIHPGVQGERREAQKQAIQRAFAAMGQEARKAWASGQSYILLGYLLLLLEAYGLGSVPMLGFDPERVRAILGLPSRAAIPALVALGYPAEEGYPSHRLPLERVVLWR,200
240,RVANCDIEVTGDKFPDPMKAEYEIDAITHYDSIDDRFYVFDLLNSMYGSVSKWDAKLAAKLDCEGGDEVPQEILDRVIYMPFDNERDMLMEYINLWEQKRPAIFTGWNIEGFDVPYIMNRVKMILGERSMKRFSPIGRVKSKLSKEIYSIDGVSILDYLDLYKKFAFTNLPSFSLESVAQHETKKGKLPYDGPINKLRETNHQRYISYNIIDVESVQAIDKIRGF,225
241,AHMVPMDKTLKEFGADVQWDDYAQLFTLIKDGAYVKVKPGAQTAIVNGQPLALQVPVVMKDNKAWVSDTFINDVFQSGLDQT,82
242,FQVEKRPHPLNALTADEIKQAVEIVKASADFKPNTRFTEISLLPPDKEAVWAFALENKPVDQPRKADVIMLDGKHIIEAVVDLQNNKLLSWQPIKDAHG,99
243,MVLLDDFASVQNIINNSEEFAAAVKKRGITDAKKVITTPLTVGYFDGKDGLKQDARLLKVISYLDVGDGNYWAHPIENLVAVVDLEQKKIVKIEEGPVVPVPMTARPFDGRDRVA,115
244,PAVKPMQIIEPEGKNYTITGDMIHWRNWDFHLSMNSRVGPMISTVTYNDNGTKRKVMYEGSLGGMIVPYGDPDIGWYFKAYLDSGDYGMGTLTSPIARGKDAPSNAVLLNETIADYTGVPMEIPRAIAVFERYAGPEYKHQEMGQPNVSTERRELVVRWISTVGNDYIFDWIFHENGTIGIDAGATGIEAVKGVKAKTMHDETAKDDTRYGTLIDHNIVGTTHQHIYNFRLDLDVDGENNSLVAMDPVVKPNTAGGPRTSTMQVNQYNIGNEQDAAQKFDPGTIRLLSNPNKENRMGNPVSYQIIPYAGGTHPVAKGAQFAPDEWIYHRLSFMDKQLWVTRYHPGERFPEGKYPNRSTHDTGLGQYSKDNESLDNTDAVVWMTTGTTHVARAEEWPIMPTEWVHTLLKPWNFFDETPTLGALKKDK,426
245,TDKLTSLRQYTTVVADTGDIAAMKLYQPQDATTNPSLILNAAQIPEYRKLIDDAVAWAKQQSNDRAQQIVDATDKLAVNIGLEILKLVPGRISTEVDARLSYDTEASIAKAKRLIKLYNDAGISNDRILIKLASTWQGIRAAEQLEKEGINCNLTLLFSFAQARACAEAGVFLISPFVGRILDWYKANTDKKEYAPAEDPGVVSVSEIYQYYKEHGYETVVMGASFRNIGEILELAGCDRLTIAPALLKELAESEGAIERKLSYTGEVKARPARITESEFLWQHNQDPMAVDKLAEGIRKFAIDQEKLEKMIGDLL,316
246,PHFIVECSDNIREEADLPGLFAKVNPTLAATGIFPLAGIRSRVHWVDTWQMADGQHDYAFVHMTLKIGAGRSLESRQQAGEMLFELIKTHFAALMESRLLALSFEIEELHPTLNFKQNNVHALFK,125
247,SYYAVAVVKKGTDFMIKDLRGKTSCHTGLGRSAGWNIPIGTLIHREDIEWEGIESGSVEQAVAKFFSASCVPGATIEQKLCRQCKGDAKTKCLRNAPYSGYSGAFQCLKDGKGDVAFVKHTTVQENAPEEKDEYELLCLDGSRQPVDSYKTCNWARVAA,159
248,LAAVSVDCSEYPKPACPKDYRPVCGSDNKTYSNKCNFCNAVVESNGTLTLNHFGKC,56
249,GNILDPEYRLAYYREDVGINAHHWHWHLVYPSTWNPKYFGKKKDRKGELFYYMHQQMCARYDCERLSNGMHRMLPFNNFDEPLAGYAPHLTHVASGKYYSPRPDGLKLRDLGDIEISEMVRMRERILDSIHLGYVISEDGSHKTLDELHGTDILGALVESSYESVNHEYYGNLHNWGHVTMARIHDPDGRFHEEPGVMSDTSTSLRDPIFYNWHRFIDNIFHEYKNTL,228
250,ENIEVHMLNKGAEGAMVFEPAYIKANPGDTVTFIPVDKGHNVESIKDMIPEGAEKFKSKINENYVLTVTQPGAYLVKCTPHYAMGMIALIAVGDSPANLDQIVSAKKPKIVQERLEKVIA,120
251,LPDLAEQFAPPDIAPPLLIKLVEAIEKKGLECSTLYRTQSSSNLAELRQLLDCDTPSVDLEMIDVHVLADAFKRYLLDLPNPVIPAAVYSEMISLAPEVQSSEEYIQLLKKLIRSPSIPHQYWLTLQYLLKHFFKLSQTSSKNLLNARVLSEIFSPMLFRFSAASSDNTENLIKVIEILISTEWNERQPAPALPP,195
252,CEREDPRDAFVSNNYDSLDALPAGSIVGTSSLRRQCQLAERRPDLIIRSLRGNVGTRLSKLDNGEYDAIILAVAGLKRLGLESRIRAALPPEISLPAVGQGA,102
253,GVVLAVNIPGLKSGELVLDGKTLGDIYLGKIKKWDDEAIAKLNPGLKLPSQNIAVVRRADGSGDSFVFTSYLAKVNEEWKNNVGTGSTVKWPIGLGGKGNDGIAAFVQRLPGAIGYVEYAYAKQNNLAYTKLISADGKPVSPTEENFANAAKGADWSKTFAQDLTNQKGEDAWPIT,176
254,SFVKDFKPQALGDTNLFKPIKIGNNELLHRAVIPPLTRMRALHPGNIPNRDWAVEYYTQRAQRPGTMIITEGAFISPQAGGYDNAPGVWSEEQMVEWTKIFNAIHEKKSFVWVQLWVLGWAAFPDNLARDGLRYDSASDNVFMDAEQEAKAKKANNPQHSLTKDEIKQYIKEYVQAAKNSIAAGADGVEIHSANGYLLNQFLDPHSNTRTDEYGGSIENRARFTLEVVDALVEAIGHEKVGLRLSPYGVFNSMSGGAETGIVAQYAYVAGELEKRAKAGKRLAFVHLVEPRVTNPFLTEGEGEYEGGSNDFVYSIWKGPVIRAGNFALHPEVVREEVKDKRTLIGYGRFFISNPDLVDRLEKGLPLNKYDRDTFYQMSAHGYIDYPTYEEALKLGWDKK,399
255,HHETALRVTAERAMNTRLEGGCQVPIGSYAELIDGEIWLRALVGAPDGSQIIRGERRGAPQDAEQMGISLAEELLNNGAREILAEVY,87
256,GSKPRIATPEIENRIEEYKRSSPGMFSWEIREKLIREGVCDRSTAPSVSAISRLV,55
257,TIAIVIGTHGWAAEQLLKTAEMLLGEQENVGWIDFVPGENAETLIEKYNAQLAKLDTTKGVLFLVDTWGGSPFNAASRIVVDKEHYEVIAGVNIPMLVETLMARDDDPSFDELVALAVETGREGVKALK,129
258,AEGYQYRALYDYKKEREEDIDLHLGDILTVNKGSLVALGFSDGQEARPEEIGWLNGYNETTGERGDFPGTYVEYIGRKKISPP,83
259,MTYKLILNGKTLKGETTTEAVDAATAEKVFKQYANDNGVDGEWTYDDATKTFTVTE,56
260,ENKVCGLTRGQDAKAAYDAGAIYGGLIFVATSPRCVNVEQAQEVMAAAPLQYVGVFRNHDIADVVDKAKVLSLAAVQLHGNEEQLYIDTLREALPAHVAIWKALSVGETLPAREFQHVDKYVLDNGQGGSGQRFDWSLLNGQSLGNVLLAGGLGADNCVEAAQTGCAGLDFNSAVESQPGIKDARLLASVF,191
261,PEIRMVAVTYEGFTTDLSVGNTVLVDDGLIGMEVTAIEGNKVICKVLNNGDLGENKGVNLPGVSIALP,68
262,KLRITEAVCRGAVETAEKLDAPLIVVATQGGKSARAVRKYFPDATILALTTNEKTAHQLVLSKGVVPQLVKEITSTDDFYRLGKELALQSGLAHKGDVVVMVSGALVPSGTTNTASVHVL,120
263,GADRVTEIDRLLEQKPRLTADQAWDVIRQTSRQDLNLRLFLPTLQAATSGLTQSDPRRQLVETLTRWDGINLLNDDGKTWQQPGSAILNVWLTSMLKRTVVAAVPMPFDKWYSASGYETTQDGPTGSLNISVGAKILYEAVQGDKSPIPQAVDLFAGKPQQEVVLAALEDTWETLSKRYGNNVSNWKTPAM,191
264,KPLDQLAKTLATVPELNEIIGQELVDEFISGIKLPAEVGSQDDVNNRKLLQKVFGKLMNTDDDVIKQQTAKLLERTDREPQVFKDIDSRLPELIQRLNKQFPNDIGLFCGCLLL,114
265,AEQVTKSVLFVCLGNICRSPIAEAVFRKLVTDQNISDNWVIDSGAVSDWNVGRSPDPRAVSCLRNHGINTAHKARQVTKEDFVTFDYILCMDESNLRDLNRKSNQVKNCRAKIELLGSYDPQKQLIIEDPYYGNDADFETVYQQCVRCCRAFLEKVR,157
266,IIYPGTLWCGHGNKSSGPNELGRFKHTDACCRTHDMCPDVMSAGESKHGLTNTASHTRLSCDCDDKFYDCLKNSADTISSYFVGKMYFNLIDTKCYKLEHPVTGCGERTEGRCLHYTVDKSKPKVYQWFDLRKY,134
267,TNILAGAAVIKVLEAWGVDHLYGIPGGSINSIMDALSAERDRIHYIQVRHEEVGAMAAAADAKLTGKIGVCFGSAGPGGTHLMNGLYDAREDHVPVLALIGQFGTTGMNMDTFQEMNENPIYADVADYNVTAVNAATLPHVIDEAIRRAYAHQGVAVVQIPVDLPWQQIPAEDWYASANSYQ,182
268,TPLLPEPDVQAVTRLTQTLLAAERPLIYYGIGARKAGKELEQLSKTLKIPLMSTYPAKGIVADRYPAYLGSANRVAQKPANEALAQADVVLFVGNNYPFAEVSKAFKNTRYFLQIDIDPAKLGKRHKTDIAVLADAQKTLAAILAQVSERESTPWWQANLANVKNWRAY,169
269,LASLEDKQEGPLQAYQVLRAVNKIAEPDAIYSIDVGDINLNANRHLKLTPSNRHITSNLFATMGVGIPGAIAAKLNYPERQVFNLAGDGGASMTMQDLATQVQYHLPVINVVFTNCQYGFIKDEQEDTNQNDFIGVEFNDIDFSKIADGVHMQAFRVNKIEQLPDVFEQAKAIAQHEPVLIDAVITGDRP,190
270,EPFANWWDNGSNQVAFGRGNRGFIVFNNDDWQLSSTLQTGLPGGTYCDVISGDKVGNSCTGIKVYVSSDGTAQFSISNSAEDPFIAIHAESKL,93
271,LPAEKLRLDSAMSSAADIEAFKQRYEAQDLQPLSTYLKQFGLDD,44
272,GPSQPTYPGDDAPVEDLIRFYDNLQQYLNVVTRHRY,36
273,HRFKVYNYMSPTFCDHCGSLLWGLVKQGLKCEDCGMNVHHKCREKVANLC,50
274,VKDGYIVDDVNCTYFCGRNAYCNEECTKLKGESGYCQWASPYGNACYCYKLPDHVRTKGPGRCH,64
275,TYTTRQIGAKNTLEYKVYIEKDGKPVSAFHDIPLYADKEDNIFNMVVEIPRWTNAKLEITKEETLNPIIQNTKGKLRFVRNCFPHHGYIHNYGAFPQTWEDPNVSHPETKAVGDNNPIDVLQIGETIAYTGQVKEVKALGIMALLDEGETDWKVIAIDINDPLAPKLNDIEDVEKYFPGLLRATDEWFRIYKIPDGKPENQFAFSGEAKNKKYALDIIKETHNSWKQLIAGKSSDSKGIDLTNVTLPDTPTYSKAASDAIPPASPKADAPIDKSIDKWFF,280
276,KEDFVGHQVLRITAADEAEVQTVKELEDLEHLQLDFWRGPGQPGSPIDVRVPFPSLQAVKVFLEAHGIRYRIMIEDVQSLLDEEQEQMFASQSR,94
277,DQQLVDQLSQLKLNVKMLDNRAGENGVDCAALGADWASCNRVLFTLSNDGQAIDGKDWVIYFHSPRQTLRVDNDQFKIAHLTGDLYKLEPTAKFSGFPAGKAVEIPVVAEYWQLFRNDFLPRWYATSGDAKPKMLANTDTENLDQFVAPFTGDQ,154
278,RGKIVPTPMQVKVHAQDADLRKGVALDLSTLVKPAADVVSQRFALLGVPVQTNGYPIKTDIQPGKFKGAMAVSGAYELKIGKKEAQVIGFDQAGVFYGLQSILSLVPSDGSGKIATLDASDA,122
279,PRFPYRGIFLDVARNFHKKDAVLRLLDQMAAYKLNKFHFHLSDDEGWRIEIPGLPELTEVGGQRCHDLSETTCLLPQYGQGPDVYGGFFSRQDYIDIIKYAQARQIEVIPEIDMPAHARAAVVSMEARYKKLHAAGKEQEANEFRLVDPTDTSNTTSVQFFNRQSYLNPCLDSSQRFVDKVIGEIAQMHKEAGQPIKTWHFGGDEAKNIRLGAGYTDKAKPEPGKGIIDQGNEDKPWAKSQVCQTMIKEGKVADMEHLPSYFGQEVSKLVKAHGIDRMQAWQDGLKDAESSKAFATSRVGVNFWDTLYWGGFDSVNDWANKGYEVVVSNPDYVYMDFPYEVNPDERGYYWGTRFSDERKVFSFAPDNMPQNAETSVDRDGNHFNAKSDKPWPGAYGLSAQLWSETQRTDPQMEYMIFPRALSVAERSWHRAGWEQDYRAGREYKGGETHFVDTQALEKDWLRFANILGQRELAKLDKGGVAYR,483
280,LPVPGARVAGGKLEANIALPGLGIEYSTDGGKQWQRYDAKAKPAVSGEVQVRSVSPDGKRYSRAEKV,67
281,AVRRALIVLAHAERTSFNYAMKEAAVEALKKKGWEVVESDLYAMNFNPLISRNDITGEPKDSENFQYPVESSLAYKEGRLSPDIVAEQKKLEAADLVIFQFPLYWFGVPAILKGWFERVLVAGFAYTYATMYDKGPFQNKKTLLSITTGGSGSMYSLQGVHGDMNVILWPIQSGILRFCGFQVLEPQLVYSIGHTPPDARVQVLEGWKKRLETVWEESPLYFAPSSLFDLNFQAGFLLKKEVQEEQKKNKFGLSVGHHLGKSIPADNQIKARK,273
282,GYSDRVQQITLGNSTITTQEAANAVVCYAEWPEYLPDVDASDVNKTSKPDTSVCRFYTLDSKTWTTGSKGWCWKLPDALKDMGVFGQNMFFHSLGRSGYTVHVQCNATKFHSGCLLVVVIPEHQLASHEGGNVSVKYTFTHPGERGIDLSSANEVGGPVKDVLYNMNGTLLGNLLIFPHQFINLRTNNTATIVIPYINSVPIDSMTRHNNVSLMVIPIAPLTVPTGATPSLPITVTIAPMCTEFSGIRSKSIVPQ,255
283,ERDCRVSSFRVKENFDKARFSGTWYAMAKKDPEGLFLQDNIVAEFSVDETGQMSATAKGRVRLLNNWDVCADMVGTFTDTEDPAKFKMKYWGVASFLQKGNDDHWIVDTDYDTYAVQYSCRLLNLDGTCADSYSFVFSRDPNGLPPEAQKIVRQRQEELCLARQYRLIVHNGYC,174
284,KTNQKLEWAFSLYDVDGNGTISKNEVLEIVTAIFKMISPEDTKHLPEDENTPEKRAEKIWGFFGKKDDDKLTEKEFIEGTLANKEILRLIQFEPQKVKEKLK,102
285,LSKEILEELQLNTKFTEEELSSWYQSFLKECPSGRITRQEFQTIYSKFFPEADPKAYAQHVFRSFGTLDFKEYVIALHMTSAG,83
286,MIEITLKKPEDFLKVKETLTRMGIANNKDKVLYQSCHILQKKGLYYIVHFKEMLRMDGRQVEMTEEDEVRRDSIAWLLEDWGLIEIVPGQRTFMKDLTNNFRVISFKQKHEWKLVPKYTI,120
287,STLPRFDSVDLGNAPVPADAARRFEELAAKAGTGEAWETAEQIPVGTLFNEDV,53
288,YKDMDWLDTYAGIPPFVHGPYATMYAFRPWTIRQYAGFSTAKESNAFYRRNLAAGQKGLSVAFDLPTHRGYDSDNPRVAGDVGMAGVAIDSIYDMRELFAGIPLDQMSVSMTMNGAVLPILALYVVTAEEQGVKPEQLAGTIQNDILKEFMVRNTYIYPPQPSMRIISEIFAYTSANMPKWNSISISGYHMQEAGATADIEMAYTLADGVDYIRAGESVGLNVDQFAPRLSFFWGIGMNFFMEVAKLRAARMLWAKLVHQFGPKNPKSMSLRTHSQTSGWSLTAQDVYNNVVRTCIEAMAATQGHTQSLHTNSLDEAIALPTDFSARIARNTQLFLQQESGTTRVIDPWSGSAYVEELTWDLARKAWGHIQEVEKVGGMAKAIEKGIPKMRIEEAAARTQARIDSGRQPLIGVNKYRLEHEPPLDVLKVDNSTVLAEQKAKLVKLRAERDPEKVKAALDKITWAAGNPDDKDPDRNLLKLCIDAGRAMATVGEMSDALEKVFGRYT,506
289,VHQVLYRALVSTKWLAESVRAGKVGPGLRVLDASWYSPGTREARKEYLERHVPGASFFDIEECRDKASPYEVMLPSEAGFADYVGSLGISNDTHVVVYNGDDLGSFYAPRVWWMFRVFGHRTVSVLNGGFRNWLKEGHPVTSEPSRPEPAIFKATLNRSLLKTYEQVLENLESKRFQLVDSRAQGRYLGTQPEPDAVGLDSGHIRGSVNMPFMDFLTENGFEKSPEELRAMFEAKKVDLTKPLIATCRKGVTACHIALAAYLCGKPDVAIYDGSWFEWFHRAPPETWVSQGKG,293
290,LPQSFLLKCLEQVRKIQGDGAALQEKLCATYKLCHPEELVLLGHSLGIPWAPLLAGCLSQLHSGLFLYQGLLQALEGISPELGPTLDTLQLDVADFATTIWQQMEELGMMPAFASAFQRRAGGVLVASHLQSFLEVSYRVLRHLA,145
291,AMSKIEIKLSDIPEGKNMAFKWRGKPLFVRHRTKKEIDQEAAVEVSQLRDPQHDLERVKKPEWVILIGVCTHLGCVPIANAGDFGGYYCPCHGSHYDASGRIRKGPAPLNLEVPSYEFTSDDMVIVG,127
292,MRRYEVNIVLNPNLDQSQLALEKEIIQRALENYGARVEKVEELGLRRLAYPIAKDPQGYFLWYQVEMPEDRVNDLARELRIRDNVRRVMVVKSQEPF,97
293,KKYETLSYLPDLSQEQLLSEVEYLLKNGWVPCLEFETEHGFVYRENNKSPGYYDGRYWTMWKLPMFGCTDATQVLAEVEEAKKAYPQAWIRIIGFDNVRQVQCISFIAYKPEGY,114
294,QFSSCVLIECGDSLDSINATSSAIVKYVSQRAGIGINAGRIRALGSPIRGGEAFHTGCIPFYKHFQTAVKSCSQGGVRGGAATLFYPMWHLEVESLLVLKNNRGVEGNRVRHMDYGVQINKLMYTRLLKGEDITLFSPSDVPGLYDAFFADQEEFERLYTKYEKDDSIRKQRVKAVELFSLMMQERASTGRIYIQNVDHCNTHSPFDPAIAPVRQSNLCLEIALPTKPLNDVNDENGEIALCTLSAFNLGAINNLDELDELAILAVRALDALLDYQDYPIPAAKRGAMGRRTLGIGVINFAYYLAKHGKRYSDGSANNLTHKTFEAIQYYLLKASNELAKEQGACPWFNETTYAKGILPIDTYKKDLDTIANEPLHYDWEALRESIKTHGLRNSTLSALMPSETSSQISNATNGIEPPRGYVSIKASKDGILRQVVPDYEHLHDAYELLWEMPGNDGYLQLVGIMQKFIDQSISANTNYDPSRFPSGKVPMQQLLKDLLTAYKFGVKTLYYQNTRDDIDDLSNFQL,526
295,MTKQEKTALNMARFIRSQTLTLLEKLNELADAADEQADICESLHDHADELYRSCLARFGDD,61
296,RDGSTERINLDKIHRVLDWAAEGLHNVSISQVELRSHIQFYDGIKTSDIHETIIKAAADLISRDAPDYQYLAARLAIFHLRKKAYGQFEPPALYDHVVKMVEMGKYDNHLLEDYTEEEFKQMDTFIDHDRDMTFSYAAVKQLEGKYLVQNRVTGEIYESAQFLYILVAACLFSNYPRETRLQYVKRFYDAVSTFKISLPTPIMSGVRTPTR,211
297,GGGILDSMVEKLGKLQYSLDYDFQNNQLLVGIIQAAELPALDMGGTSDPYVKVFLLPDKKKKFETKVHRKTLNPVFNEQFTFKVPYSELGGKTLVMAVYDFDRFSKHDIIGEFKVPMNTVDFGHVTEEWRDLQSA,135
298,MNIIQGNLVGTGLKIGIVVGRFNDFITSKLLSGAEDALLRHGVDTNDIDVAWVPGAFEIPFAAKKMAETKKYDAIITLGTVIRGATTHYDYVCNEAAKGIAQAANTTGVPVIFGIVTTENIEQAIERAGTKAGNKGVDCAVSAIEMANLNRSFE,154
299,AQSVPYGVSQIKAPALHSQGYTGSNVKVAVIDSGIDSSHPDLKVAGGASFVPSETNPFQDNNSHGTHVAGTVAALDNSIGVLGVAPSASLYAVKVLGADGSGQYSWIINGIEWAIANNMDVINMSLGGPSGSAALKAAVDKAVASGVVVVAAAGNEGTSGSSSTVGYPAKYPSVIAVGAVDSSNQRASFSSVGPELDVMAPGVSICSTLPGNKYGAKSGTSMASPHVAGAAALILSKHPNWTNTQVRSSLENTTTKLGDSFYYGKGLINVQAAAQ,275
300,SILIDKNTKVICQGFTGSQGTFHSEQAIAYGTKMVGGVTPGKGGTTHLGLPVFNTVREAVAATGATASVIYVPAPFCKDSILEAIDAGIKLIITITEGIPTLDMLTVKVKLDEAGVRMIGP,121
301,VGYACTTPREAEEAASKIGAGPWVVKCQVHAGGRGKAGGVKVVNSKEDIRAFAENWLGKRLVTYQTDANGQPVNQILVEAA,81
302,PREAQAAQWELNYVALDGNIGCMVNGAGLAMGTMDIVKLHGGEPANFLDVGGGATKERVTEAFKIILSDDKVKAVLVNIFGGIVRCDLIADGIIGAVAEVGVNVPVVVRLEGNNAELGAKKLADSGLNIIAAKGLTDAAQQVVAAVEGK,149
303,VMTDPIADMLTAIRNANMVRHEKLEVPASKIKREIAEILKREGFIRDYEYIEDNKQGILRIFLKYGPNERVIT,73
304,GLKRISKPGLRVYVKAHEVPRVLNGLGIAILSTSQGVLTDKEARQKGTGGEIIAYVI,57
305,PWPGAPVGGEEANREIKRVGGPPEFSFPPLDHVALMEKNGWWEPRISQVSGSRSYALKGDLALYELALLRFAMDFMARRGFLPMTLPSYAREKAFLGTGHFPAYRDQVWAIAETDLYLTGTAEVVLNALHSGEILPYEALPLRYAGYAPAFRSEAGSFGKDVRGLMRVHQFHKVEQYVLTEASLEASDRAFQELLENAEEILRLLELPYRLVEVATGDMGPGKWRQVDIEVYLPSEGRYRETHSCSALLDWQARRANLRYRDPEGRVRYAYTLNNTALATPRILAMLLENHQLQDGRVRVPQALIPYMGKEVLEPCG,317
306,LAVRYALADCELGRCLVAESERGICAILLGDDDATLISELQQMFPAADNAPADLMFQQHVREVIASLNQRDTPLTLPL,78
307,DAIYDNVENLRRLLPDDTHIMAVVKANAYGHGDVQVARTALEAGASRLAVAFLDEALALREKGIEAPILVLGASRPADAALAAQQRIALTVFRSDWLEEASALYSGPFPIHFHLKMDTGMGRLGVKDEEETKRIVALIERHPHFVLEGLYTHFATADEVNTDYFSYQYTRFLHMLEWLPSRPPLVHCANSAASLRFPDRTFNMVRFGIAMYGLAPSPGIKPLLPYPLKEA,230
308,DIRGTAFQQQVWQALRTIPCGETVSYQQLANAIGKPKAVRAVASACAANKLAIVIPCHRVVRGDGSLSGYRWGVSRKAQLLRREAEN,87
309,AACKCDDEGPDIRTAPLTGTVDLGSCNAGWEKCASYYTIIADCCRKKK,48
310,SIDNCAVGCPTGGSSNVSIVRHAYTLNNNSTTKFANWVAYHITKDTPASGKTRNWKTDPALNPADTLAPADYTGANAALKVDRGHQAPLASLAGVSDWESLNYLSNITPQKSDLNQGAWARLEDQERKLIDRADISSVYTVTGPLYERDMGKLPGTQKAHTIPSAYWKVIFINNSPAVNHYAAFLFDQNTPKGADFCQFRVTVDEIEKRTGLIIWAGLPDDVQASLKSKPGVLPELMGCKN,241
311,SSLRLPSAAELSGQWVLSGAEQHCDIRLNTDVLDGTTWKLAGDTACLQKLLPEAPVGWRPTPDGLTLTQADGSAVAFFSRNRDRYEHKLVDGSVRTLKKK,100
312,EKKYIVGFKQTMSTMSAAKKKDVISEKGGKVQKQFKYVDAASATLNEKAVKELKKDPSVAYVEEDHVAHAY,71
313,PPCLDSELTEFPLRMRDWLKNVLVTLYERDEDNNLLTEKQKLRVKKIHENEKRLEAGDHPVELLARDFEKNYNMYIFPVHWQFGQLDQHPIDGYLSHTELAPLRAPLIPMEHCTTRFFETCDLDNDKYIALDEWAGCFGIKQKDIDKDLVI,151
314,AEAGITGTWYNQLGSTFIVTAGADGALTGTYESAVGNAESRYVLTGRYDSAPASGTALGWTVAWKNNYRNAHSATTWSGQYVGGAEARINTQWLLTSGTTEANAWKSTLVGHDTFTKV,118
315,AAATSLVYDTCYVTLTERATTSFQRQSFPTLKGMGDRAFQVVAFTIQGVSAAPLMYNARLYNPGDTDSVHATGVQLMGTVPRTVRLTPRVGQNNWFFGNTEEAETILAIDGLVSTKGANAPSNTVIVTGCFRLAPSELQSS,141
316,MMSGAPSATQPATAETQHIADQVRSQLEEKYNKKFPVFKAVSFKSQVVAGTNYFIKVHVGDEDFVHLRVFQSLPHENKPLTLSNYQTNKAKHDELTYF,98
317,SRCTHLENRDFVTGTQGTTRVTLVLELGGCVTITAEGKPSMDVWLDAIYQENPAKTREYCLHAKLSDTKVAARCPTMGPATLAEEHQGGTVCKRDQSDRGWGNHCGLFGKGSIVACVKAACEAKKKATGHVYDANKIVYTVKVEPHTGDYVAANETHSGRKTASFTISSEKTILTMGEYGDVSLLCRVASGVDLAQTVILELDKTVEHLPTAWQVHRDWFNDLALPWKHEGAQNWNNAERLVEFGAPHAVKMDVYNLGDQTGVLLKALAGVPVAHIEGTKYHLKSGHVTCEVGLEKLKM,299
318,KGLTYTMCDKTKFTWKRAPTDSGHDTVVMEVTFSGTKPCRIPVRAVAHGSPDVNVAMLITPNPTIENNGGGFIEMQLPPGDNIIYVGELSHQWFQK,96
319,SESSKPCCDQCSCTKSMPPKCRCSDIRNDFCYEPCK,36
320,ADYRALTGDESDNLPGVKGIGEKTARKLLEEWGSLEALLKNLDRLKPAIREKILAHMDDLKLSWDLAKV,69
321,LPSGSDPAFSQPKSVLDAGLTCQGASPSSVSKPILLVPGTGTTGPQSFDSNWIPLSTQLGYTPCWISPPPFMLNDTQVNTEYMVNAITALYAGSGNNKLPVLTWSQGGLVAQWGLTFFPSIRSKVDRLMAFAPDYKGTVLAGPLDALAVSAPSVWQQTTGSALTTALRNAGGLTQIVPTTNLYSATDEIVQPQVSNSPLDSSYLFNGKNVQAQAVCGPLFVIDHAGSLTSQFSYVVGRSALRSTTGQARSADYGITDCNPLPANDLTPEQKVAAAALLAPAAAAIVAGPKQNCEPDLMPYARPFAVGKRTCSGIVTP,317
322,YIQNPEPAVYALKDPRSQDSTLCLFTDFDSQINVPKTMESGTFITDATVLDMKAMDSKSNGAIAWSNQTSFTCQDIFKETNATYPSSDVPC,91
323,KEGICLIDFSQIALSTALVNFPDKEKINLSMVRHLILNSIKFNVKKAKTLGYTKIVLCIDNAKSGYWRRDFAYYYKKTWDWEGYFESSHKVIDELKAYMPYIVMDIDKYEADDHIAVLVKKFSLEGHKILIISSDGDFTQLHKYPNVKQWSPMHKKWVKIGSAEIDCMTKILKGDKKDNVASVKVRSDFWFTRVEGERTPSMKTSIVEAIANDREQAKVLLTESEYNRYKENLVLIDFDYIPDNIASNIVNYYNSYKLPPRGKIYSYFVKAGLSKLTNSINEF,283
324,QCKTIAHVLRVNNGQELHVWETPPKENVPFKNNTILIASGFARRMDHFAGLAEYLSTNGFHVFRYDSLHHEFTMTTGKNSLCTVYHWLQTKGTQNIGLIAASLSARVAYEVISDLELSFLITAVGVVNLRDTLEKALGFDYLSLPIDELPNDLDFEGHKLGSEVFVRDCFEHHWDTLDSTLDKVANTSVPLIAFTANNDDWVKQEEVYDMLAHIRTGHCKLYSLLGSSHDLGENLVVLRNFYQSVTKAAIAMDGGSLEIDVDFIEPDFEQLTIATVNERRLKAEIENRTPEMA,293
325,SKGVITITDAEFESEVLKAEQPVLVYFWASWCGPCQLMSPLINLAANTYSDRLKVVKLEIDPNPTTVKKYKVEGVPALRLVKGEQILDSTEGVISKDKLLSFLDTHLN,108
326,VLLDGNGEVVQNGGTYYLLPQVWAQGGGVQLAKTGEETCPLTVVQSPNELSDGKPIRIESRLRSAFIPDDDKVRIGFAYAPKCAPSPWWTVVEGLSVKLSEDESTQFDYPFKFEQVSDQLHSYKLLYCEGKHEKCASIGINRDQKGYRRLVVTEDYPLTVVLKKDE,166
327,KDFIINEQIRAREVRLIDQNGDQLGIKSKQEALEIAARRNLDLVLVAPNAKPPVCRIMDYGKFRFEQQKKEKEARK,76
328,INVKEVRLSPTIEEHDFNTKLRNARKFLEKGDKVKATIRFKGRAITHKEIGQRVLDRLSEACADIAVVETAPKMDGRNMFLVLAPKND,88
329,TTCASLTNKLSQHDLADFKKYIKRKFTLMTLLSINN,36
330,NDSPFYVNPNMSSAEWVRNNPNDPRTPVIRDRIASVPQGTWFAHHNPGQITGQVDALMSAAQAAGKIPILVVYNAPGRDCGNHSSGGAPSHSAYRSWIDEFAAGLKNRPAYIIVEPDLISLMSSCMQHVQQEVLETMAYAGKALKAGSSQARIYFDAGHSAWHSPAQMASWLQQADISNSAHGIATNTSNYRWTADEVAYAKAVLSAIGNPSLRAVIDTSRNGNGPAGNEWCDPSGRAIGTPSTTNTGDPMIDAFLWIKLPGEADGCIAGAGQFVPQAAYEMAIAA,286
331,SLEECLEFIAIIYGNTLQSILAIVRAMTTLNIQYGDSARQDDARKLMHMADTIEEGTMPKEMSDIIQRLWKDSGIQACFDRASEYQLNDSAGYYLSDLERLVTPGYVPTEQDVLRS,116
332,RTPSDKPVAHVVANPQAEGQLQWLNRRANALLANGVELRDNQLVVPSEGLYLIYSQVLFKGQGCPSTHVLLTHTISRIAVSYQTKVNLLSAIKSPCQRETPEGAEAKPWYEPIYLGGVFQLEKGDRLSAEINRPDYLLFAESGQVYFGIIAL,152
333,IKPGQYVAGNMYGAVFVDIVRDEAHDAGLNIAFKGDIDLKKLQKLIDEKGAENIAYICLAVTVNLAGGQPVSMANMRAVRELTAAHGIKVFYDATRCVENAYFIKEQEQGFENKSIAEIVHEMFSYADG,129
334,RYLGLPSEEAFKGRGVSACATSDGFFYRNQKVAVIGGGNTAVEEALYLSNIASEVHLIHRRDGFRAEKILIKRLMDKVENGNIILHTNRTLEEVTGDQMGVTGVRLRDTQNSDNIESLDVAGLFVAIG,128
335,APTATLANGDTITGLNAIINEAFLGIPFAEPPVGNLRFKDPVPYSGSLDGQKFTSYGPSCMQQNPEGTYEENLPKAALDLVMQSKVFEAVSPSSEDCLTINVVRPPGTKAGANLPVMLWIFGGGFEVGGTSTFPPAQMITKSIAMGKPIIHVSVNYRVSSWGFLAGDEIKAEGSANAGLKDQRLGMQWVADNIAAFGGDPTKVTIFGESAGSMSVMCHILWNDGDNTYKGKPLFRAGIMQSGAMVPSDAVDGIYGNEIFDLLASNAGCGSASDKLACLRGVSSDTLEDATNNTPGFLAYSSLRLSYLPRPDGVNITDDMYALVREGKYANIPVIIGDQNDEGTFFGTSSLNVTTDAQAREYFKQSFVHASDAEIDTLMTAYPGDITQGSPFDTGILNALTPQFKRISAVLGDLGFTLARRYFLNHYTGGTKYSFLSKQLSGLPVLGTFHSNDIVFQDYLLGSGSLIYNNAFIAFATDLDPNTAGLLVKWPEYTSSSQSGNNLMMINALGLYTGKDNFRTAGYDALFSNPPSFFV,534
336,QFTDIDKLAVSTIRILAVDTVSKANSGHPGAPLGMAPAAHVLWSQMRMNPTNPDWINRDRFVLSNGHAVALLYSMLHLTGYDLSIEDLKQFRQLGSRTPGHPEFELPGVEVTTGPLGQGISNAVGMAMAQANLAATYNKPGFTLSDNYTYVFLGDGCLQEGISSEASSLAGHLKLGNLIAIYDDNKITIDGATSISFDEDVAKRYEAYGWEVLYVENGNEDLAGIAKAIAQAKLSKDKPTLIKMTTTIGYGSLHAGSHSVHGAPLKADDVKQLKSKFGFNPDKSFVVPQEVYDHYQKTILKPGVEANNKWNKLFSEYQKKFPELGAELA,329
337,YSIEADKKFKYSVKLSDYPTLQDAASAAVDGLLIDRDYNFYGGETVDFGGKVLTIECKAKFIGDGNLIFTKLGKGSRIAGVFMESTTTPWVIKPWTDDNQWLTDAAAVVATLKQSKTDGYQPTVSDYVKFPGIETLLPPNAKGQNITSTLEIRECIGVEVHRASGLMAGFLFRGCHFCKMVDANNPSGGKDGIITFENLSGDWGKGNYVIGGRTSYGSVSSAQFLRNNGGFERDGGVIGFTSYRAGESGVKTWQGTVGSTTSRNYNLQFRDSVVIYPVWDGFDLGADTDRPGDYPITQYPLHQLPLNHLIDNLLVRGALGVGFGMDGKGMYVSNITVEDCAGSGAYLLTHESVFTNIAIIDTNTKDFQANQIYISGACRVNGLRLIGIRSSLTIDAPNSTVSGITGMVDPSRINVANLAEEGLGNIRANSFGYDSAAIKLRIHKLSKTLDSGALYSHINGGAGSGSAYTQLTAISGSTPDAVSLKVNHKDCRGAEIPFVPDIASDDFIKDSSCFLPYWENNSTSLKALVKKPNGELVRLTLATL,544
338,KGGYVLQDVANPDIILVATGSEVSLSVEAAKTLAAKNIKARVVSLPDFFTFDKQPLEYRLSVLPDNVPIMSVEVLATTCWGKYAHQSFGIDRFGASGKAPEVFKFFGFTPEGVAERAQKTIAFYKGDKLISPLKKAF,137
339,SDTFTNSEVLDNSLGSMRIKNTDGSISLIIFPSPYYSPAFTKGEKVDLNTKRTKKSQHTSEGTYIHFQISGVT,73
340,GTPDIIVNAQINSEDENVLDFIIEDEYYLKKRGVGAHIIKVASSPQLRLLYKNAYSTVSCGNYGVLCNLVQNGEYDLNAIMFNCAEIKLNKGQMLFQTKIWR,102
341,SSVPSQKTYQGSYGFRLGFLHSGTAKSVTCTYSPALNKMFCQLAKTCPVQLWVDSTPPPGTRVRAMAIYKQSQHMTEVVRRCPHHERCSDSDGLAPPQHLIRVEGNLRVEYLDDRNTFRHSVVVPYEPPEVGSDCTTIHYNYMCNSSCMGGMNRRPILTIITLEDSSGNLLGRNSFEVRVCACPGRDRRTEEENL,195
342,TIACPHKGCTKMFRDNSAMRKHLHTHG,27
343,PRVHVCAECGKAFVESSKLKRHQLVHTGE,29
344,MQIFVKTLTGKTITLEVEPSDTIENVKAKIQDKEGIPPDQQRLIFAGKQLEDGRTLSDYNIQKESTLHLVLRLRGG,76
345,LDWTTFRRVFLIDDAWRPLMEPELANPLTAHLLAEYNRRCQTEEVLPPREDVFSWTRYCTPDEVRVVIIGQDPYHHPGQAHGLAFSVRANVPPPPSLRNVLAAVKNCYPEARMSGHGCLEKWARDGVLLLNTTLTVKRGAAASHSRIGWDRFVGGVIRRLAARRPGLVFMLWGTHAQNAIRPDPRVHCVLKFSHPSPLSKVPFGTCQHFLVANRYLETRSISPIDWSV,228
346,DYVEQRIDLNQLLIQHPSATYFVKASGDSIDGGISDGDLLIVDSAITASHGDIVIAAVDGEFTVKKLQLRPTVQLIPNSAYSPITISSEDTLDVFGVVIHVVKA,104
347,FKIETTPESRYLAQIGDSVSLTCSTTGCESPFFSWRTQIDSPLNGKVTNEGTTSTLTMNPVSFGNEHSYLCTATCESRKLEKGIQVEIY,89
348,SFPKDPEIHLSGPLEAGKPITVKCSVADVYPFDRLEIDLLKGDHLMKSQEFLEDADRKSLETKSLEVTFTPVIEDIGKVLVCRAKLHIDEMDSVPTVRQAVKELQVYISP,110
349,MRALFYKDGKLFTDNNFLNPVSDDNPAYEVLQHVKIPTHLTDVVVYEQTWEEALTRLIFVGSDSKGRRQYFYGKMHV,77
350,KLTPLAYKQFIPNVAEKTLGASGRYEGKITRNSERFKELTPNYNPDIIFKDEENTGADRLMTQRCKDKLNALAISVMNQWPGVKLRVTEGWDEDGHHSEESLHYEGRAVDITTSDRDRSKYGMLARLAVEAGFDWVYYESKAHIHCSVKAENSVAAK,157
351,SQPCNEVTPRIYVGNASVAQDIPKLQKLGITHVLNAAEGRSFMHVNTNANFYKDSGITYLGIKANDTQEFNLSAYFERAADFIDQALAQKNGRVLVHCREG,101
352,TKEQRILRYVQQNAKPGDPQSVLEAIDTYCTQKEWAMNVGDAKGQIMDAVIREYSPSLVLELGAYCGYSAVRMARLLQPGARLLTMEMNPDYAAITQQMLNFAGLQDKVTILNGASQDLIPQLKKKYDVDTLDMVFLDHWKDRYLPDTLLLEKCGLLRKGTVLLADNVIVPGTPDFLAYVRGSSSFECTHYSSYLEYMKVVDGLEKAIYQGPS,213
353,YAYGAQHDYFDHHDIVGWTREGDSSVANSGLAALITDGPGGAKRMYVGRQNAGETWHDITGNRSEPVVINSEGWGEFHVNGGSVSIYVQ,89
354,RTREYTSVITVPNGGHWGKWGIRQFCHSGYANGFALKVEPSQFGRDDTALNGIRLRCLDGSVIESLVGKWGTWTSFLVCPTGYLVSFSLRSEKSQGGGDDTAANNIQFRCSDEAVLVGDGLSWGRFGPWSKRCKICGLQTKVESPQGLRDDTALNNVRFFCCK,163
355,SVTPIPLPKIDEPEEYNTNYILFWNHVGLELNRVTHTVGGPLTGPPLSARALGMLHLAIHDAYFSICPPTDFTTFLSPDTENAAYRLPSPNGANDARQAVAGAALKMLSSLYMKPVEQPNPNPGANISDNAYAQLGLVLDRSVLEAPGGVDRESASFMFGEDVADVFFALLNDPRGASQEGYHPTPGRYKFDDEPTHPVVLIPVDPNNPNGPKMPFRQYHAPFYGKTTKRFATQSEHFLADPPGLRSNADETAEYDDAVRVAIAMGGAQALNSTKRSPWQTAQGLYWAYDGSNLIGTPPRFYNQIVRRIAVTYKKEEDLANSEVNNADFARLFALVDVACTDAGIFSWKEKWEFEFWRPLSGVRDDGRPDHGDPFWLTLGAPATNTNDIPFKPPFPAYPSGHATFGGAVFQMVRRYYNGRVGTWKDDEPDNIAIDMMISEELNGVNRDLRQPYDPTAPIEDQPGIVRTRIVRHFDSAWELMFENAISRIFLGVHWRFDAAAARDILIPTTTKDVYAVDNNGATVFQNVEDIRYTTRGTREDEEGLFPIGGVPLGIEIADEIFNNGLKPTPPEIQPM,576
356,VDLSKHPSGIVPTLQNIVSTVNLDCKLDLKAIALQARNAEYNPKRFAAVIMRIREPKTTALIFASGKMVCTGAKSEDFSKMAARKYARIVQKLGFPAKFKDFKIQNIVGSCDVKFPIRLEGLAYSHAAFSSYEPELFPGLIYRMKVPKIVLLIFVSGKIVITGAKMRDETYKAFENIYPVLSEFRKIQ,188
357,MDVVSLDKPFMYFEEIDNELDYEPESANEVAKKLPYQGQLKLLLGELFFLSKLQRHGILDGATVVYIGSAPGTHIRYLRDHFYNLGVIIKWMLIDGRHHDPILNGLRDVTLVTRFVDEEYLRSIKKQLHPSKIILISDVASPSTADLLSNYALQNVMISILNPVASSLKWRCPFPDQWIKDFYIPHGNKMLQPFAPSYSAEMRLLSIYTGENMRLTRVTKSDAVNYEKKMYYLNKIVRNKVVVNFDYPNQEYDYFHMYFMLRTVYCNKTFPTTKAKVLFLQQSIFRFLNIP,291
358,DFVVIKAVEDGVNVIGLTRGTDTKFHHSEKLDKGEVIIAQFTEHTSAIKVRGEALIQTAYGEMKSEK,67
359,DTASDAAAAAALTAANAKAAAELTAANAAAAAAATAR,37
360,MIQQESRLKVADNSGAREVLVIKVLGGSGRRYANIGDVVVATVKDATPGGVVKKGQVVKAVVVRTKRGVRRPDGSYIRFDENACVIIRDDKSPRGTRIFGPVARELRDKDFMKIISLAPEVI,122
361,MERYENLFAQLNDRREGAFVPFVTLGDPGIEQSLKIIDTLIDAGADALELGVPFSADGPTIQNANLRAFAAGVTPAQCFEMLALIREKHPTIPIGLLMYANLVFNNGIDAFYARCEQVGVDSVLVADVPVEESAPFRQAALRHNIAPIFICPPNADDDLLRQVASYGRGYTYLLPLHHLIEKLKEYHAAPALQGFGISSPEQVSAAVRAGAAGAISGSAIVKIIEKNLASPKQMLAELRSFVSAMKAA,248
362,FGEFGGMYVPQILMPALNQLEEAFVRAQKDPEFQAQFADLLKNYAGRPTALTKCQNITAGTRTTLYLKREDLLHGGAHKTNQVLGQALLAKRMGKSEIIAETGAGQHGVASALASALLGLKCRIYMGAKDVERQSPNVFRMRLMGAEVIPVHSGSATLKDACNEALRDWSGSYETAHYMLGTAAGPHPYPTIVREFQRMIGEETKAQILDKEGRLPDAVIACVGGGSNAIGMFADFINDTSVGLIGVEPGGHGIETGEHGAPLKHGRVGIYFGMKAPMMQTADGQIEESYSISAGLDFPSVGPQHAYLNSIGRADYVSITDDEALEAFKTLCRHEGIIPALESSHALAHALKMMREQPEKEQLLVVNLSGRGDKDIFTVHDILKA,385
363,GEAARVWQLYIGDTRSRTAEYKAWLLGLLRQHGCHRVLDVACGTGVDSIMLVEEGFSVTSVDASDKMLKYALKERWNRRKEPAFDKWVIEEANWLTLDKDVPAGDGFDAVICLGNSFAHLPDSKGDQSEHRLALKNIASMVRPGGLLVIDHRNYDYILSTGCAPPGKNIYYKSDLTKDITTSVLTVNNKAHMVTLDYTVQVPGAGRDGAPGFSKFRLSYYPHCLASFTELVQEAFGGRCQHSVLGDFKPYRPGQAYVPCYFIHVLKKTG,269
364,YGPEARAELSSRLTTLRNTLAPATNDPRYLQACGGEKLNRFRDIQCRRQTAVRADLNANYIQVGNTRTIACQYPLQSQLESHFRMLAENRTPVLAVLASSSEIANQRFGMPDYFRQSGTYGSITVESKMTQQVGLGDGIMADMYTLTIREAGQKTISVPVVHVGNWPDQTAVSSEVTKALASLVDQTAETKRNMYESKGSSAVADDSKLRPVIHCRAGVGRTAQLIGAMCMNDSRNSQLSVEDMVSQMRVQRNGIMVQKDEQLDVLIKLAEGQGRPLLNS,280
365,AQKSVKISDDISITQLSDKVYTYVSLAEIEGMVPSNGMIVINNHQAALLDTPINDAQTETLVNWVADSLHAKVTTFIPNHWHGDCIGGLGYLQKKGVQSYANQMTIDLAKEKGLPVPEHGFTDSLTVSLDGMPLQCYYLGGGHATDNIVVWLPTENILFGGCMLKDNQATSIGNISDADVTAWPKTLDKVKAKFPSARYVVPGHGDYGGTELIEHTKQIVNQYIESTSKP,230
366,TKPYRGHRFTKENVRILESWFAKNIENPYLDTKGLENLMKNTSLSRIQIKNWVSNRRRKEKTI,63
367,KEDEIVIDRKKISADQVDQEVERFLSGRAKASAQLETIKTKAGETFGEEKEAIFEGHIMLLEDEELEQEIIALIKDKHMTADAAAHEVIEGQASALEELDDEYLKERAADVRDIGKRLLRNILGLKII,128
368,ADLEDNMETLNDNLKVIEKADNAAQVKDALTKMRAAALDAQKATPPKLEDKSPDSPEMKDFRHGFDILVGQIDDALKLANEGKVKEAQAAAEQLKTTRNAYHQKYR,106
369,PFVTTIVGLYGLCLQANSGQVWIEDCSSEKAEQQWALYADGSIRPQQNRDNCLTSDSNIRETVVKILSCGPASSGQRWMFKNDGTILNLYSGLVLDVRASDPSLKQIILYPLHGDPNQIWLPLF,124
370,MFENITAAPADPILGLADLFRADERPGKINLGIGVYKDETGKTPVLTSVKKAEQYLLENETTKNYLGIDGIPEFGRCTQELLFGKGSALINDKRARTAQTPGGTGALRVAADFLAKNTSVKRVWVSNPSWPNHKSVFNSAGLEVREYAYYDAENHTLDFDALINSLNEAQAGDVVLFHGCCHNPTGIDPTLEQWQTLAQLSVEKGWLPLFDFAYQGFARGLEEDAEGLRAFAAMHKELIVASSYSANFGLYNERVGACTLVAADSETVDRAFSQMKAAIRANYSNPPAHGASVVATILSNDALRAIWEQELTDMRQRIQRMRQLFVNTLQEKGANRDFSFIIKQNGMFSFSGLTKEQVLRLREEFGVYAVASGRVNVAGMTPDNMAPLCEAIVAVL,396
371,TELNFSSPFELLIAVLLSAQATDVSVNKATAKLYPVANTPAAMLELGVEGVKTYIKTIGLYNSKAENIIKTCRILLEQHNGEVPEDRAALEALPGVGRKTANVVLNTAFG,110
372,VETPPEVVDFMVSLAEAPRGGRVLEPACAHGPFLRAFREAHGTGYRFVGVEIDPKALDLPPWAEGILADFLLWEPGEAFDLILGNPPYGIVGVFKAVKDLYKKAFSTWKGKYNLYGAFLEKAVRLLKPGGVLVFVVPATWLVLEDFALLREFLAREGKTSVYYLGEVFPQKKVSAVVIRFQKSGKGLSLWDTQESESGFTPILWAEYPHWEGEIIR,216
373,FETEETRKLEISGMPLGDLFHIRFAARSPEFKKHPAVRKEPGPGLVPVLTGRNLKPGWVDYEKNHSGLWMPKERAKELRDFYATPHLVVAHTKGTRVVAAWDERAYPWREEFHLLPKEGVRLDPSTLVQWLNSEAMQKHVRTLYRDFVPHLTLRMLERLPVRREYGFHT,169
374,IAALPRQKVELVDPPFVHAHSQVAEGGPKVVEFTMVIEEKKIVIDDAGTEVHAMAFNGTVPGPLMVVHQDDYLELTLINPETNTLMHNIDFHAATGALGGGGLTEINPGEKTILRFKATKPGVFVYHCAPPGMVPWHVVSGMNGAIMVL,149
375,PREGLHDGKGKALTYDKIYYVGEQDFYVPRDENGKYKKYEAPGDAYEDTVKVMRTLTPTHVVFNGAVGALTGDKAMTAAVGEKVLIVHSQANRDTRPHLIGGHGDYVWATGKFNTPPDVDQETWFIPGGAAGAAFYTFQQPGIYAYVNHNLIEAFELGAAAHFKVTGEWNDDLMTSVLAPSG,182
376,GASARLLRAAIMGAPGSGKGTVSSRITKHFELKHLSSGDLLRDNMLRGTEIGVLAKTFIDQGKLIPDDVMTRLVLHELKNLTQYNWLLDGFPRTLPQAEALDRAYQIDTVINLNVPFEVIKQRLTARWIHPGSGRVYNIEFNPPKTMGIDDLTGEPLVQREDDRPETVVKRLKAYEAQTEPVLEYYRKKGVLETFSGTETNKIWPHVYAFLQTKLPQRSQETSVTP,226
377,ANIVGGIEYSINNASLCSVGFSVTRGATKGFVTAGHCGTVNATARIGGAVVGTFAARVFPGNDRAWVSLTSAQTLLPRVANGSSFVTVRGSTEAAVGAAVCRSGRTTGYQCGTITAKNVTANYAEGAVRGLTQGNACMGRGDSGGSWITSAGQAQGVMSGGNVQSNGNNCGIPASQRSSLFERLQPILSQYGLSLVTG,198
378,KSFVVSNQLREQQGELTSTWDLMLQTRINLSRSAVRMMMDSSNQQSNAKVELLDSARKTLAQAATHYKKFKSMAPLPEMVATSRNIDEKYKNYYTALTELIDYLDYGNTGAYFAQPTQGMQNAMGERFAQYALSSEKLYRDI,142
379,LDDAVTRYWPQLTGKQWQGIRMLDLATYTAGGLPLQVPDEVTDNASLLRFYQNWQPQWKPGTTRLYANASIGL,73
380,VEYRNWSKPQCQITGFAPFSKDNSIRLSAGGDIWVTREPYVSCDPVKCYQFALGQGTTLDNKHSNDTVHDRIPHRTLLMNELGVPFHLGTRQVCIAWSSSSCHDGKAWLHVCITGDDKNATASFIYDGRLVDSIGSWSQNILRTQESECVCINGTCTVVMTDGSASGRADTRILFIEEGKIVHISPLAGSAQHVEECSCYPRYPGVRCICRDNWKGSNRPVVDINMEDYSIDSSYVCSGLVGDTPRNDDRSSNSNCRNPNNERGTQGVKGWAFDNGNDLWMGRTISKDLRSGYETFKVIGGWSTPNSKSQINRQVIVDSDNRSGYSGIFSVEGKSCINRCFYVELIRGRKQETRVWWTSNSIVVFCGTSGTYGTGSWPDGANINFMPI,388
381,SCFALISGTANQVKCYRFRVKKNHRHRYENCTTTWFTVADNGAERQGQAQILITFGSPSQRQDFLKHVPLPPGMNISGFTASLDF,85
382,WGYDDKNGPEQWSKLYPIANGNNQSPVDIKTSETKHDTSLKPISVSYNPATAKEIINVGHSFHVNFEDNQDRSVLKGGPFSDSYRLFQFHFHWGSTNEHGSEHTVDGVKYSAELHVAHWNSAKYSSLAEAASKADGLAVIGVLMKVGEANPKLQKVLDALQAIKTKGKRAPFTNFDPSTLLPSSLDFWTYPGSLTHPPLYESVTWIICKESISVSSEQLAQFRSLLSNVEGDNAVPMQHNNRPTQPLKGRTVRASF,256
383,QSKPEDLLKLRQGLMQTLKSQWVPIAGFAAGKADLPADAAQRAENMAMVAKLAPIGWAKGTEALPNGETKPEAFGSKSAEFLEGWKALATESTKLAAAAKAGPDALKAQAAATGKVCKACHEEFKQD,127
384,TTLDIIRSNTFVAELKGKQPGEVEVPVIGGHSGVTILPLLSQVPGVSFTEQEVADLTKRIQNAGTEVVEAKAGGGSATLSMGQAAARFGLSLVRALQGEQGVVECAYVEGDGQYARFFSQPLLLGKNGVEERKSIGTLSAFEQNALEGMLDTLKKDIALGQEFVNK,166
385,EPGSGIGYPYDNNTLPYVAPGPTDSRAPCPALNALANHGYIPHDGRAISRETLQNAFLNHMGIANSVIELALTNAFVVCEYVTGSDCGDSLVNLTLLAEPHAFEHDHSFSRKDYKQGVANSNDFIDNRNFDAETFQTSLDVVAGKTHFDYADMNEIRLQRESLSNELDFPGWFTESKPIQNVESGFIFALVSDFNLPDNDENPLVRIDWWKYWFTNESFPYHLGWHPPSPAREIEFVTSASSAVLAASVTSTPSSLPSGAIGPGAEAVPLSFASTMTPFLLATNAPYYAQDPTLGPND,298
386,TPLVHVASVEKGRSYEDFQKVYNAIALKLREDDEYDNYIGYGPVLVRLAWHTSGTWDKHDNTGGSYGGTYRFKKEFNDPSNAGLQNGFKFLEPIHKEFPWISSGDLFSLGGVTAVQEMQGPKIPWRCGRVDTPEDTTPDNGRLPDADKDADYVRTFFQRLNMNDREVVALMGAHALGKTHLKNSGYEGPWGAANNVFTNEFYLNLLNEDWKLEKNDANNEQWDSKSGYMMLPTDYSLIQDPKYLSIVKEYANDQDKFFKDFSKAFEKLLENGITFPKDAPSPFIFKTLEEQGL,293
387,HPEIVSVIGEYAGKLDHLFSEMLSRPVVDLATRLANITPPGLDRALLLSTGAESNEAAIRMAKLVTGKYEIVGFAQSWHGMTGAAASATYSAGRKGVGPAAVGSFAIPAPFTYRPRFERNGAYDYLAELDYAFDLIDRQSSGNLAAFIAEPILSSGGIIELPDGYMAALKRKCEARGMLLILDEAQTGVGRTGTMFACQRDGVTPDILTLSKTLGAGLPLAAIVTSAAIEERAHELGYLFYTTHVSDPLPAAVGLRVLDVVQRD,264
388,MTDKIAVLLGGTSAEREVSLNSGAAVLAGLREGGIDAYPVDPKEVDVTQLKSMGFQKVFIALHGRGGEDGTLQGMLELMGLPYT,84
389,VAPWVALTRAEFEKGLSDKQLAEISALGLPVIVKPSREGSSVGMSKVVAENALQDALRLAFQHDEEVLIEKWL,73
390,LKIAAFNIRTFGETKMSNATLASYIVRIVRRYDIVLIQEVRDSHLVAVGKLLDYLNQDDPNTYHYVVSEPLGRNSYKERYLFLFRPNKVSVLDTYQYDDDSFSREPAVVKFSSHSTKVKEFAIVALHSAPSDAVAEINSLYDVYLDVQQKWHLNDVMLMGDFNADCSYVTSSQWSSIRLRTSSTFQWLIPDSADTTATSTNCAYDRIVVAGSLLQSSVVPGSAAPFDFQAAYGLSNEMALAISDHYPVEVTLT,253
391,TTKANIKLFSFTEVNDTNPLNNLNFTLKNSGKPLVDMVVLFSANINYDAANDKVFVSNNPNVQHLLTNRAKYLKPLQDKGIKVILSILGNHDRSGIANLSTARAKAFAQELKNTCDLYNLDGVFFDDEYSAYQTPPPSGFVTPSNNAAARLAYETKQAMPNKLVTVYVYSRTSSFPTAVDGVNAGSYVDYAIHDYGGSYDLATNYPGLAKSGMVMSSQEFNQGRYATAQALRNIVTKGYGGHMIFAMDPNRSNFTSGQLPALKLIAKELYGDELVYSNTPYSKDW,285
392,TRINLTLVSELADQHLMAEYRELPRVFGAVRKHVANGKRVRDFKISPTFILGAGHVTFFYDKLEFLRKRQIELIAECLKRGFNIKDTTVQDISDIPQEFRGDYIPHEASIAISQARLDEKIAQRPTWYKYYGKAIYA,137
393,DACEQAAIQCVESACESLCTEGEDRTGCYMYIYSNCPPYV,40
394,MKIVYWSGTGNTEKMAELIAKGIIESGKDVNTINVSDVNIDELLNEDILILGCSAMGDEVLEESEFEPFIEEISTKISGKKVALFGSYGWGDGKWMRDFEERMNGYGCVVVETPLIVQNEPDEAEQDCIEFGKKIANI,138
395,PKYTIVDKETCIACGACGAAAPDIYDYDEDGIAYVTLDDNQGIVEVPDILIDDMMDAFEGCPTDSIKVADEPFDGDPNKFE,81
396,ADTRIGVTIYKYDDNFMSVVRKAIEQDAKAAPDVQLLMNDSQNDQSKQNDQIDVLLAKGVKALAINLVDPAAAGTVIEKARGQNVPVVFFNKEPSRKALDSYDKAYYVGTDSKESGIIQGDLIAKHWAANQGWDLNKDGQIQFVLLKGEPGHPDAEARTTYVIKELNDKGIKTEQLQLDTAMWDTAQAKDKMDAWLSGPNANKIEVVIANNDAMAMGAVEALKAHNKSSIPVFGVDALPEALALVKSGALAGTVLNDANNQAKATFDLAKNLADGKGAADGTNWKIDNKVVRVPYVGVDKDNLAEFSKK,309
397,GKITFYEDRGFQGRHYECSSDHSNLQPYFSRCNSIRVDSGCWMLYEQPNFTGCQYFLRRGDYPDYQQWMGFSDSVRSCRLIPHTSSHRLRIYEREDYRGQMVEITEDCSSLQDRFHFSDIHSFHVMEGYWVLYEMPNYRGRQYLLRPGDYRRYLDWGAANARVGSLRRAVDFY,173
398,SAEHVLTMLNEHEVKFVDLRFTDTKGKEQHVTIPAHQVNAEFFEEGKMFDGSSIGGWKGINESDMVLMPDASTAVIDPFFADSTLIIRCDILEPGTLQGYDRDPRSIAKRAEDYLRATGIADTVLFGPEPEFFLFDDIRFGASISGSHVAIDDIEGAWNSSTKYEGGNKGHRPGVKGGYFPVPPVDSAQDIRSEMCLVMEQMGLVVEAHHHEVATAGQNEVATRFNTMTKKADEIQIYKYVVHNVAHRFGKTATFMPKPMFGDNGSGMHCHMSLAKNGTNLFSGDKYAGLSEQALYYIGGVIKHAKAINALANPTTNSYKRLVPGYEAPVMLAYSARNRSASIRIPVVASPKARRIEVRFPDPAANPYLCFAALLMAGLDGIKNKIHPGEPMDKNLYDLPPEEAKEIPQVAGSLEEALNALDLDREFLKAGGVFTDEAIDAYIALRREEDDRVRMTPHPVEFELYYSV,468
399,MIKVEIKPSQAQFTTRSGVSRQGKPYSLNEQLCYVDLGNEYPVLVKITLDEGQPAYAPGLYTVHLSSFKVGQFGSLMIDRLRLVPAK,87
400,LDGKTSLEKYRVDEITETLQDIFNDVVKIKFAPEAAKEAVQQNYEKSCKRLAPFLEGLLVSNGGGDGFFVGNSMTLADLHCYVALEVPLKHTPELLKDCPKIVALRKRVAE,111
401,SGTTNTVAAYNLTWKSTNFKTILEWEPKPVNQVYTVQISTKSGDWKSKCFYTTDTECDLTDEIVKDVKQTYLARVFSYPAGNVESTEPLYENSPEFTPYLET,102
402,NLGQPTIQSFEQVGTKVNVTVEDERTLVRRNNTFLSLRDVFGKDLIYTLYYWKSSGKKTAKTNTNEFLIDVDKGENYCFSVQAVIPSRTVNRKSTDSPVECMG,103
403,QVSQQEDITKSLLVTELGSSRTPETVRMVLSNMEKLFCIPVHGIRSVGTAAVNMCLVATGGADAYYEMGIHCWDVAGAGIIVTEAGGVLMDVTGGPFDLMSRRVIAANNRILAERIAKEIQVIPLQRDDE,130
404,EPRAEDGHAHDYVNEAADASGHPRYQEGQLCENCAFWGEAVQDGWGRCTHPDFDEVLVKAEGWCSVYAPAS,71
405,WQECMDYAVTLARQAGEVVCEAIKNEMNVMLKSSPVDLVTATDQKVEKMLISSIKEKYPSHSFIGEESVAAGEKSILTDNPTWIIDPIDGTTNFVHRFPFVAVSIGFAVNKKIEFGVVYSCVEGKMYTARKGKGAFCNGQKL,142
406,GFPIPDPYCWDISFRTFYTIVIDDEHKTLFNGILLLSQADNADHLNELRRCTGKHFLNEQQLMQASQYAGYAEHKKAHDDFIHKLDTWDGDVTYAKNWLVNHIKTIDFKYRGKI,114
407,AQKTFKVTADSGIHARPATVLVQTASKYDADVNLEYNGKTVNLKSIMGVVSLGIAKGAEITISASGADENDALNALEETMKCEGLGE,87
408,APVRSLNCTLRDSQQKSLVMSGPYELKALHLQGQDMEQQVVFSMSFVQGEESNDKIPVALGLKEKNLYLSCVLKDDKPTLQLESVDPKNYPKKKMEKRFVFNKIEINNKLEFESAQFPNWYISTSQAENMPVFLGGTKGGQDITDFTMQFVSS,153
409,TETTSFLITKFSPDQQNLIFQGDGYTTKEKLTLTKAVKNTVGRALYSSPIHIWDRETGNVANFVTSFTFVINAPNSYNVADGFTFFIAPVDTKPQTGGGYLGVFNSAEYDKTTQTVAVEFDTFYNAAWDPSNRDRHIGIDVNSIKSVNTKSWKLQNGEEANVVIAFNAATNVLTVSLTYPN,181
410,VTSYTLSDVVSLKDVVPEWVRIGFSATTGAEYAAHEVLSWSFHSELS,47
411,SEGNEGVIINNFYSNQYQNSIDLSANATGSDPPKTYGQFSNLLSGAVNAFSNMLPLLA,58
412,MDPNCSCAAGDSCTCAGSCKCKECKCTSCK,30
413,GIGAVLKVLTTGLPALISWIKRKRQQ,26
414,APQFFNIIDGSPLNFDDAMEEGRDTEAVKHFLETGENVYNEDPEILPEAEELYAGMCSGCHGHYAEGKIGPGLNDAYWTYPGNETDVGLFSTLYGGATGQMGPMWGSLTLDEMLRTMAWVRHLYTGDPKDASWLTDEQKAGFTPFQP,147
415,VAEHVVMMILSLVRNYLPSHEWARKGGWNIADCVSHAYDLEAMHVGTVAAGRIGLAVLRRLAPFDVHLHYTDRHRLPESVEKELNLTWHATREDMYPVCDVVTLNCPLHPETEHMINDETLKLFKRGAYIVNTARGKLCDRDAVARALESGRLAGYAGDVWFPQPAPKDHPWRTMPYNGMTPHIS,185
416,GSSGLAVFDYKFASTGINEVMAQKLGKETKAVTVVEDYLMDFNPDKQKAWFKLVYDPETTQILGAQLMSKADLTANINAISLAIQAKMTIEDLAYADFFFQPAFDKPWNIINTAALEAVKQER,123
417,EGLLISDVEGHPSPGVAEKWENKDFKVWTFHLRENAKWSDGTPVTAHDFVYSWQRLADPNTASPYASYLQYGHIANIDDIIAGKKPATDLGVKALDDHTFEVTLSEPVPYFYKLLVHPSVSPVPKSAVEKFGDKWT,136
418,LCTYYYEINNQKAPFNDVRVRTALKLALDRDIIVNKVKNQGDLPAYSYTPPYTDGAKLVEPEWFKWSQQKRNEEAKKLLAEAGFTADKPLTFDLLYNTSDLHKKLAIAVASIWKKNLGVNVNLENQEWKTFLDTRHQGTFDVARAGWCADYNEPTSFLNTMLSDSSNNTAHYKSPAFDKLIADTLKVADDTQRSELYAKAEQQLDKDSAIVPVYYY,216
419,SISSRVKSKRIQLGLNQAELAQKVGTTQQSIEQLENGKTKRPRFLPELASALGVSVDWLLNGT,63
420,CPLMVKVLDAVRGSPAINVAVHVFRKAADDTWEPFASGKTSESGELHGLTTEEQFVEGIYKVEIDTKSYWKALGISPFHEHAEVVFTANDSGPRRYTIAALLSPYSYSTTAVVT,114
421,AQADIALIGLAVMGQNLILNMNDHGFVVCAFNRTVSKVDDFLANEAKGTKVLGAHSLEEMVSKLKKPRRIILLVKAGQAVDNFIEKLVPLLDIGDIIIDGGNSEYRDTMRRCRDLKDKGILFVGSGVSGGEDGARYGPSLMPGGNKEAWPHIKAIFQGIAAKVGTGEPCCDWVGDDGAGHF,181
422,VKMVHNGIEYGDMQLICEAYHLMKDVLGLGHKEMAKAFEEWNKTELDSFLIEITASILKFQDADGKHLLPKIRDSAGQKGTGKWTAISALEYGVPVTLIGEAVFARCLSSLKDERIQASKKLKGPQNIPFEGDKKSFLEDIRKALYASKIISYAQGFMLLRQAATEFGWTLNYGGIALMWRGGCIIRSVFLGKIKDAFDRNPGLQNLLLDDFFKSAVENCQDSWRRAISTGVQAGIPMPCFTTALSFYDGYRH,253
423,MKTQVAIIGAGPSGLLLGQLLHKAGIDNVILERQTPDYVLGRIRAGVLEQGMVDLLREAGVDRRMARDGLVHEGVEIAFAGQRRRIDLKRLSGGKTVTVYGQTEVTRDLMEAREACGATTVYQAAEVRLHDLQGERPYVTFERDGERLRLDCDYIAGCDGFHGISRQSIPAERLKVFERVYPFGWLGLLADTPPVSHELIYANHPRGFALCSQRSATRSRYYVQVPLTEKVEDWSDERFWTELKARLPAEVAEKLVTGPSLEKSIAPLRSFVVEPMQHGRLFLAGDAAHIVPPTGAKGLNLAASDVSTLYRLLLKAYREGRGELLERYSAICLRRIWKAERFSWWMTSVLHRFPDTDAFSQRIQQTELEYYLGSEAGLATIAENYVGLPYE,391
424,MEHVAFGSEDIENTLAKMDDGQLDGLAFGAIQLDGDGNILQYNAAEGDITGRDPKQVIGKNFFKDVAPCTDSPEFYGKFKEGVASGNLNTMFEYTFDYQMTPTKVKVHMKKALSGDSYWVFVKRV,125
425,MKFTVEREHLLKPLQQVSGPLGGRPTLPILGNLLLQVADGTLSLTGTDLEMEMVARVALVQPHEPGATTVPARKFFDICRGLPEGAEIAVQLEGERMLVRSGRSRFSLSTLPAADFPNLDDWQ,123
426,MRLGEDRSMDVETISTGSLSLDIALGAGGLPMGRIVEIYGPESSGKTTLTLQVIAAAQREGKTCAFIDAEHALDPIYARKLGVDIDNLLCSQPDTGEQALEICDALARSGAVDVIVVDSVAALTPKAEIEGLAARMMSQAMRKLAGNLKQSNTLLIFINQTGGNALKFYASVRLDIRRIGAVKEGENVVGSETRVKVVKNKIAAPFKQAEFQILYGEGIN,220
427,FYGELVDLGVKEKLIEKAGAWYSYKGEKIGQGKANATAWLKDNPETAKEIEKKVRELLL,59
428,MRLFGYARVSTSQQSLDIQVRALKDAGVKANRIFTDKRKGLDLLRMKVEEGDVILVKKLDRLGRDTADMIQLIKEFDAQGVSIRFIDDGISTDGEMGKMVVTILSAVAQAERQRI,115
429,LAMTMEHKDRPLVRVILTNTGSHPVKQRSVYITALLDSGADITIISEEDWPTDWPVMEAAGIPMRKSRDMIELGVINRDGSLERPLLLFPAVAMVRGSILGRDCLQGLGLRLTNL,115
430,SDLWVQKMKTYFNRIDFDKDGAITRMDFESMAERFAKESEMKAEHAKVLMDSLTGVWDNFLTAVAGGKGIDETTFINSMKEMVKNPEAKSVVEGPLPLFFRAVDTNEDNNISRDEYGIFFGMLGLDKTMAPASFDAIDTNNDGLLSLEEFVIAGSDFFMNDGDSTNKVFWGPLV,174
431,TVEKSVVFKAEGEHFTDQKGNTIVGSGSGGTTKYFRIPAMCTTSKGTIVVFADARHNTASDQSFIDTAAARSTDGGKTWNKKIAIYNDRVNSKLSRVMDPTCIVANIQGRETILVMVGKWNNNDKTWGAYRDKAPDTDWDLVLYKSTDDGVTFSKVETNIHDIVTKNGTISAMLGGVGSGLQLNDGKLVFPVQMVRTKNITTVLNTSFIYSTDGITWSLPSGYCEGFGSENNIIEFNASLVNNIRNSGLRRSFETKDFGKTWTEFPPMDKKVDNRNHGVQGSTITIPSGNKLVAAHSSAQNKNNDYTRSDISLYAHNLYSGEVKLIDDFYPKVGNASGAGYSCLSYRKNVDKETLYVVYEANGSIEFQDLSRHLPVIKSYN,381
432,ATSTKKLHKEPATLIKAIDGDTVKLMYKGQPMTFRLLLVDTPETKHPKKGVEKYGPEASAFTKKMVENAKKIEVEFNKGQRTDKYGRGLAYIYADGKMVNEALVRQGLAKVAYVYKPNNTHEQHLRKSEAQAKKEKLNIWS,141
433,ATKAVCVLKGDGPVQGTIHFEAKGDTVVVTGSITGLTEGDHGFHVHQFGDNTQGCTSAGPHFNPLSKKHGGPKDEERHVGDLGNVTADKNGVAIVDIVDPLISLSGEYSIIGRTMVVHEKPDDLGRGGNEESTKTGNAGSRLACGVIGIAK,151
434,ANKGFLVRKGNLRCLPCSRAFALSLSATDAFWAKYTACESARNPREKLNECLE,53
435,GNCAEGVGMNYRGNVSVTRSGIECQLWRSRYPHKPEINSTTHPGADLRENFCRNPDGSITGPWCYTTSPTLRREECSVPVCG,82
436,TMRAVKRMINTHLEHKRFALINSGNTNATAGTVQNLSNGIIQGDDINQRSGDQVRIVSHKLHVRGTAITVSQTFRFIWFRDNMNRGTTPTVLEVLNTANFMSQYNPITLQQKRFTILKDVTLNCSLTGESIKDRIINLPGQLVNYNGATAVAASNGPGAIFMLQIGDSLVGLWDSSYEAVYTDA,184
437,ALDAAYCFRNVQDNCCLRPLYIDFKRDLGWKWIHEPKGYNANFCAGACPYLWSSDTQHSRVLSLYNTINPEASASPCCVSQDLEPLTILYYIGKTPKIEQLSNMIVKSCKCS,112
438,RPDFCLEPPYTGPCKARIIRYFYNAKAGLCQTFVYGGCRAKRNNFKSAEDCMRTCGGA,58
439,NTDGTNCLTHDPIPGADASLPDQLTPEQVMDGKKKIGKRVVILNADTYFMAPSLAEKLATAGHEVTIVSGVHLANYMHFTLEYPNMMRRLHELHVEELGDHFCSRIEPGRMEIYNIWGDGSKRTYRGPGVSPRDANTSHRWIEFDSLVLVTG,152
440,SYSITTPSQFVFLSSAWADPIELINLCTNALGNQFQTQQARTVVQRQFSEVWKPSPQVTVRFPDSDFKVYRYNAVLDPLVTALLGAFDTRNRIIEVENQANPTTAETLDATRRVDDATVAIRSAINNLIVELIRGTGSYNRSSFESSSGLVWTS,154
441,MKQYLELMQKVLDEGTQKNDRTGTGTLSIFGHQMRFNLQDGFPLVTTKRCHLRSIIHELLWFLQGDTNIAYLHENNVTIWDEWADENGDLGPVYGKQWRAWPTPDGRHIDQITTVLNQLKNDPDSRRIIVSAWNVGELDKMALAPCHAFFQFYVADGKLSCQLYQRSCDVFLGLPFNIASYALLVHMMAQQCDLEVGDFVWTGGDTHLYSNHMDQTHLQLSREPRPLPKLIIKRAPESIFDYRFEDFEIEGYDPHPGIKAPVAI,264
442,ARLNRESVIDAALELLNETGIDGLTTRKLAQKLGIEQPTLYWHVKNKRALLDALAVEILARHHDYSLPAAGESWQSFLRNNAMSFRRALLRYRDGAKVHLGTRPDEKQYDTVETQLRFMTENGFSLRDGLYAISAVSHFTLGAVLEQQEHTAALNLPPLLREALQIMDSDDGEQAFLHGLESLIRGFEVQLTALLQIV,198
443,GICPRFAHVIENLLLGTPSSYETSLKEFEPDDTMKDAGMQMKKVLDSLPQTTRENIMKLTEKIVKSPLCM,70
444,SPYSAAMAEQRHQEWLRFVDLLKNAYQNDLHLPLLNLMLTPDEREALGTRVRIVEELLRGEMSQRELKNELGAGIATITRGSNSLKAAPVELRQWLEEVLLKSD,104
445,AQAGSFLAIVMGGGDLEVILISLAGRQESSIXASRSLAAAMSTTAIPSDLWGNXAXSNAAFSSXEFSSXAGSVPLGFTFXEAGAKEXVIKGQITXQAXAFSLAXLXKLISAMXNAXFPAGDXXXSVADI,129
446,DTTVSEPAPSCVTLYQSWRYSQADNGCAETVTVKVVYEDDTEGLCYAVAPGQITTVGDGYIGSHGHARYLARCL,74
447,VSAXSAYKIILXGGASSWGXVAGAASVSVPASIPLXPTXCSIKIXASPSTVKFTVAIASTIXATAXTLSVATSIAXSAASKRIATGAGSVAVGSFAHAFSFMGSTTXMYYSGSSATARXIPXPIYMXGRXFHXIXMKVPLXXGXLTSTWKGFSAASXFGXWIRXFWFIGPAFAAIXXGGXRISPVTTXSASTXGPXGTTRWSFSHAGSGVVXSISRWTXLFPTAKLSKPAAIXGGFSSXSAGISVAVAGSLPGVSKSAGGGXKKILXHPXIPLTHHGMTGKFXSFSSXTAXKITLPKGYAISYAAPAHSSKXXXAYKWAGGAYARWVXHVCKGGTGXHXTLYAA,344
448,KELNDLEKKYNAHIGVYALDTKSGKEVKFNSDKRFAYASTSKAINSAILLEQVPYNKLNKKVHINKDDIVAYSPILEKYVGKDITLKALIEASMTYSDNTANNKIIKEIGGIKKVKQRLKELGDKVTNPVRYEIELNYYSPKSKKDTSTPAAFGKTLNKLIANGKLSKENKKFLLDLMLNNKSGDTLIKDGVPKDYKVADKSGQAITYASRNDVAFVYPKGQSEPIVLVIFTNKDNKSDKPNDKLISETAKSVMKEF,257
449,AVKYYTLEEIQKHNNSKSTWLILHYKVYDLTKFLEEHPGGEEVLREQAGGDATENFEDVGHSTDARELSKTFIIGELHPDDRSKI,85
450,KKVVLGKKGDTVELTCTASQKKSIQFHWKNSNQIKILGNQGSFLTKGPSKLNDRADSRRSLWDQGNFPLIIKNLKIEDSDTYICEVEDQKEEVQLLVFGLTANSDTHLLQGQSLTLTLESPPGSSPSVQCRSPRGKNIQGGKTLSVSQLELQDSGTWTCTVLQNQKKVEFKIDIVVLA,178
451,MNYTKFDVKNWVRREHFEFYRHRLPCGFSLTSKIDITTLKKSLDDSAYKFYPVMIYLIAQAVNQFDELRMAIKDDELIVWDSVDPQFTVFHQETETFSALSCPYSSDIDQFMVNYLSVMERYKSDTKLFPQGVTPENHLNISALPWVNFDSFNLNVANFTDYFAPIITMAKYQQEGDRLLLPLSVQVHHAVCDGFHVARFINRLQELCNSKLK,213
452,TEEQIAEFKEAFSLFDKDGDGTITTKELGTVMRSLGQNPTEAELQDMINEVDADGNGTIDFPEFLTMMARKMKDTDSEEEIREAFRVFDKDGNGYISAAELRHVMTNLGEKLTDEEVDEMIREANIDGDGQVNYEEFVQMMTA,143
453,TLADGDRVPALVIGSGYGGAVAALRLTQAGIPTQIVEMGRSWDTPGSDGKIFCGMLNPDKRSMWLADKTDQPVSNFMGFGINKSIDRYVGVLDSERFSGIKVYQGRGVGGGSLVNGGMAVTPKRNYFEEILPSVDSNEMYNKYFPRANTGLGVNNIDQAWFESTEWYKFARTGRKTAQRSGFTTAFVPNVYDFEYMKKEAAGQVTKSGLGGEVIYGNNAGKKSLDKTYLAQAAATGKLTITTLHRVTKVAPATGSGYSVTMEQIDEQGNVVATKVVTADRVFFAAGSVGTSKLLVSMKAQGHLPNLSSQVGEGW,314
454,ADKELKFLVVDDFSTMRRIVRNLLKELGFNNVEEAEDGVDALNKLQAGGYGFVISDWNMPNMDGLELLKTIRADGAMSALPVLMVTAEAKKENIIAAAQAGASGYVVKPFTAATLEEKLNKIFEKLGM,128
455,GNNGNIMVGRANHMWDATGSKQATIPTMGIDNWADPTAPIFAEIAPLPAGLETYVSLYLAITKNPERARFQFNSGTGKVDLTWAQSQNQKGIDMAKKVFDKINQKEGTIYRTDLFYYKTWGDDFTYHPLGGVLLNKATDNFGRLPEYPGLYVVDGSLVPGNVGVNPFVTITALAERNMDKIISSDI,186
456,LPNITILATGGTIAGGGDSATKSNYTVGKVGVENLVNAVPQLKDIANVKGEQVVNIGSQDMNDNVWLTLAKKINTDCDKTDGFVITHGTDTMEETAYFLDLTVKCDKPVVMVGAMRPSTSMSADGPFNLYNAVVTAADKASANRGVLVVMNDTVLDGRDVTKTNTTDVATFKSVNYGPLGYIHNGKIDYQRTPARKHTSDTPFDVSKLNELP,212
457,KVGIVYNYANASDLPAKALVDAGYDGIVSAGVGNGNLYKSVFDTLATAAKTGTAVVRSSRVPTGATTQDAEVDDAKYGFVASGTLNPQKARVLLQLALTQTKDPQQIQQIFNQY,114
458,VLGKPQTDPTLEWFLSHCHIHKYPSKSTLIHQGEKAETLYYIVKGSVAVLIKDEEGKEMILSYLNQGDFIGELGLFEEGQERSAWVRAKTACEVAEISYKKFRQLIQVNPDILMRLSAQMARRLQVTSEKVGNLAFLDVTGRIAQTLLNLAKQPDAMTHPDGMQIKITRQEIGQIVGCSRETVGRILKMLEDQNLISAHGKTIVVYGT,208
459,QDLPGNDNSTATLCLGHHAVPNGTLVKTITDDQIEVTNATELVQSSSTGKICNNPHRILDGIDCTLIDALLGDPHCDVFQNETWDLFVERSKAFSNCYPYDVPDYASLRSLVASSGTLEFITEGFTWTGVTQNGGSNACKRGPGSGFFSRLNWLTKSGSTYPVLNVTMPNNDNFDKLYIWGIHHPSTNQEQTSLYVQASGRVTVSTRRSQQTIIPNIGSRPWVRGQSSRISIYWTIVKPGDVLVINSNGNLIAPRGYFKMRTGKSSIMRSDAPIDTCISECITPNGSIPNDKPFQNVNKITYGACPKYVKQNTLKLATGMRNVPEKQT,328
460,GLFGAIAGFIENGWEGMIDGWYGFRHQNSEGTGQAADLKSTQAAIDQINGKLNRVIEKTNEKFHQIEKEFSEVEGRIQDLEKYVEDTKIDLWSYNAELLVALENQHTIDLTDSEMNKLFEKTRRQLRENAEEMGNGCFKIYHKCDNACIESIRNGTYDHDVYRDEALNNRFQIKG,175
461,KSPEELKGIFEKYAAKEGDPNQLSKEELKLLLQTEFPSLLKGPSTLDELFEELDKNGDGEVSFEEFQVLVKKISQ,75
462,STKKTQLQLEHLLLDLQMILNGINNYKNPKLTRMLTFKFYMPKKATELKHLQCLEEELKPLEEVLNLAQSKNFHLRPRDLISNINVIVLELKGCEYADETATIVEFLNRWITFAQSIISTLT,122
463,GFSFELTEQQKEFQATARKFAREEIIPVAAEYDRTGEYPVPLLKRAWELGLMNTHIPESFGGLGLGIIDSCLITEELAYGCTGVQTAIEANTLGQVPLIIGGNYQQQKKYLGRMTEEPLM,120
464,GAGFKIAMGTFDKTRPPVAAGAVGLAQRALDEATKYALERKTFGKLLAEHQGISFLLADMAMKVELARLSYQRAAWEIDSGRRNTYYASIAKAYAADIANQLATDAVQVFGGNGFNTEYPVEKLMRDAKIYQIYEGTAQIQRIIIAREHIGRYK,154
465,CAYCVTEPGAGSDVAGIKTKAEKKGDEYIINGQKMWITNGGKANWYFLLARSDPDPKAPASKAFTGFIVEADTPGVQIGRKEINMGQRCSDTRGIVFEDVRVPKENVLTGE,111
466,YFGKALENPTRPFLAILGGAKVADKIQLIDNLLDKVDSIIIGGGMAFTFKKVLENTEIGDSIFDKAVGPEIAKLMEKAKAKGVEVVLPVDFIIADAFSASANTKTVTDKEGIPAGWQGLDNGPESRKLFAATVAKATVILWNGPPGVFEFEKFAAGTKALLDEVVKSSAAGNTVIIGGGDTATVAKKYGVTDKISHVSTGGGASLELLEG,210
467,PKLVLVRHGQSEWNEKNLFTGWVDVKLSAKGQQEAARAGELLKEKGVNVLVDYTSKLSRAIQTANIALEKADRLWIPVNRSWRLNERHYGDLQGKDKAQTLKKFGEEKFNTYRRSFDVPPPPIDASSPFSQKGDERYKYVDPNVLPETESLALVIDRLLPYWQDVIAKLVGKTSMIAAHGNSLRGLVKHLEGISDADIAKLNIPPGTILVFELDENLKPSKPSYYLDPEA,230
468,VKIVTVKTKAYPDQKPGTSGLRKRVKVFQSSTNYAENFIQSIISTVEPAQRQEATLVVGGDGRFYMKEAIQLIVRIAAANGIGRLVIGQNGILSTPAVSCIIRKIKAIGGIILTASHNPGGPNGDFGIKFNISNGGPAPEAITDKIFQISKTIEEYAICPDLKVDLGVLGKQQFDLENKFKPFTVEIV,188
469,DSVEAYATMLRNIFDFNALKELLSGPNRLKIRIDAMHGVVGPYVKKILCEELGAPANSAVNCVPLEDFGGHHPDPNLTYAADLVETMKSGEHDFGAAFDGDGDRNMILGKHGFF,114
470,GRNFFTRYDYEEVEAEGATKMMKDLEALMFDRSFVGKQFSANDKVYTVEKADNFEYHDPVDGSVSKNQGLRLIFADGSRIIFRLSGTGSAGATIRLYIDSYEKDNAKINQDPQVMLAPLISIALKVSQLQERTGRTAPTVIT,142
471,VNPSDSVAVIAANIFSIPYFQQTGVRGFARSMPTSGALDRVANATKIALYETPTGWKFFGNLMDASKLSLCGEESFGTGSDHIREKDGLWAVLAWLSILATRKQSVEDILKDHWHKF,117
472,ACDYTCGSNCYSSSDVSTAQAAGYKLHEDGETVGSNSYPHKYNNYEGFDFSVSSPYYEWPILSSGDVYSGGSPGADRVVFNENNQLAGVITHTGASGNNFVECT,104
473,SKPQPIAAANWKCNGSQQSLSELIDLFNSTSINHDVQCVVASTFVHLAMTKERLSHPKFVIAAQNAIAKSGAFTGEVSLPILKDFGVNWIVLGHSERRAYYGETNEIVADKVAAAVASGFMVIACIGETLQERESGRTAVVVLTQIAAIAKKLKKADWAKVVIAYEPVWAIGTGKVATPQQAQEAHALIRSWVSSKIGADVRGELRILYGGSVNGKNARTLYQQRDVNGFLVGGASLKPEFVDIIKATQ,249
474,ALWQFNGMIKCKIPSSEPLLDFNNYGCYCGLGGSGTPVDDLDRCCQTHDNCYKQAKKLDSCKVLNNYSYSCSNNEITCSSENNACEAFICNCDRNAAICFSKVPYNKEHKNLDKKNC,117
475,XHADPICNKPCKTHDDCSGAWFCQACWNSARTCGPYV,37
476,PLRDSVKQALKNYFAQLNGQDVNDLYELVLAEVEQPLLDMVMQYTRGNQTRAALMMGINRGTLCKKLKKYGMN,73
477,VASYDYLVIGGGSGGLASARRAAELGARAAVVESHKLGGTCVNVGCVPKKVMWNTAVHSEFMHDHADYGFPSCEGKFNWRVIKEKRDAYVSRLNAIYQNNLTKSHIEIIRGHAAFTSDPKPTIEVSGKKYTAPHILIATGGMPSTPHESQIPGASLGITSDGFFQLEELPGRSVIVGAGYIAVEMAGILSALGSKTSLMIRHDKVLRSFDSMISTNCTEELENAGVEVLKFSQVKEVKKTLSGLEVSMVTAVPGRLPVMTMIPDVDCLLWAIGRVPNTKDLSLNKLGIQTDDKGHIIVDEFQNTNVKGIYAVGDVCGKALLTPVAIAAGRKLAHRLFEYKEDSKLDYNNIPTVVFSHPPIGTVGLTEDEAIHKYGIENVKTYSTSFTPMYHAVTKRKTKCVMKMVCANKEEKVVGIHMQGLGCDEMLQGFAVAVKMGATKADFDNTVAIHPTSSEELVTLR,461
478,MKRIGVLTSGGDSPGMNAAIRSVVRKAIYHGVEVYGVYHGYAGLIAGNIKKLEVGDVGDIIHRGGTILYTARCPEFKTEEGQKKGIEQLKKHGIQGLVVIGGDGSYQGAKKLTEHGFPCVGVPGTIDNDIPGTDFTIGFDTALNTVIDAIDKIRDTATSHERTYVIEVMGRHAGDIALWSGLAGGAETILIPEADYDMNDVIARLKRGHERGKKHSIIIVAEGVGSGVDFGRQIQEATGFETRVTVLGHVQRGGSPTAFDRVLASRLGARAVELLLEGKGGRCVGIQNNQLVDHDIAEALANKHTIDQRMYALSKELSI,319
479,TVASISSGPKHTQKVPILTANETGATMPVLPSDSIETRTTYMHFNGSETDVECFLGRAACVHVTEIQNKDATGIDNHREAKLFNDWKINLSSLVQLRKKLELFTYVRFDSEYTILATASQPDSANYSSNLVVQAMYVPPGAPNPKEWDDYTWQSASNPSVFFKVGDTSRFSVPYVGLASAYNCFYDGYSHDDAETQYGITVLNHMGSMAFRIVNEHDEHKTLVKIRVYHRAKHVEAWIPRAPRALPYTSIGRTNYPKNTEPVIKKRKGDIKSY,273
480,GLPTTTLPGSGQFLTTDDRQSPSALPNYEPTPRIHIPGKVHNLLEIIQVDTLIPMNNTHTKDEVNSYLIPLNANRQNEQVFGTNLFIGDGVFKTTLLGEIVQYYTHWSGSLRFSLMYTGPALSSAKLILAYTPPGARGPQDRREAMLGTHVVWDIGLQSTIVMTIPWTSGVQFRYTDPDTYTSAGFLSCWYQTSLILPPETTGQVYLLSFISACPDFKLRLMKDTQTISQTVALTE,236
481,INYYKDAASTSSAGQSLSMDPSKFTEPVKDLMLKGAPALN,40
482,MKKYTCTVCGYIYDPEDGDPDDGVNPGTDFKDIPDDWVCPLCGVGKDEFEEVEE,54
483,SVYDAAAQLTADVKKDLRDSWKVIGSDKKGNGVALMTTLFADNQETIGYFKRLGNVSQGMANDKLRGHSITLMYALQNFIDQLDNPDDLVCVVEKFAVNHITRKISAAEFGKINGPIKKVLASKNFGDKYANAWAKLVAVVQAAL,145
484,PICTNCCAGYKGCNYYSANGAFICEGQSDPKKPKACPLNCDPHIAYSKCPR,51
485,MDLLAELQWRGLVNQTTDEDGLRKLLNEERVTLYCGFDPTADSLHIGHLATILTMRRFQQAGHRPIALVGGATGLIGDPSGKKSERTLNAKETVEAWSARIKEQLGRFLDFEADGNPAKIKNNYDWIGPLDVITFLRDVGKHFSVNYMMAKESVQSRIETGISFTEFSYMMLQAYDFLRLYETEGCRLQIGGSDQWGNITAGLELIRKTKGRAFGLTIPLVTKADGTKFGKTESGTIWLDKEKTSPYEFYQFWINTDDRDVIRYLKYFTFLSKEEIEALEQELREAPEKRAAQKTLAEEVTKLVHGEEALRQAIRYA,317
486,VQPTPADHFTFGLWTVGWTGADPFGVATRANLDPVEAVHKLAELGAYGITFHDNDLIPFDATAAEREKILGDFNQALADTGLKVPMVTTNLFSHPVFKDGGFTSNDRSIRRFALAKVLHNIDLAAEMGAETFVMWGGREGSEYDGSKDLAAALDRMREGVDTAAGYIKDKGYNLRIALEPKPNEPRGDIFLPTVGHGLAFIEQLEHGDIVGLNPETGHEQMAGLNFTHGIAQALWAEKLFHIDLNGQRGIKYDQDLVFGHGDLTSAFFTVDLLENGFPNGGPKYTGPRHFDYKPSRTDGYDGVWDSAKANMSMYLLLKERALAFRADPEVQEAMKTSGVFELGETTLNAGESAADLMNDSASFAGFDAEAAAERNFAFIRLNQLAIEHLLGSR,393
487,GDVAKGKKTFVQKCAQCHTVENGGKHKVGPNLWGLFGRKTGQAEGYSYTDANKSKGIVWNNDTLMEYLENPKKYIPGTKMIFAGIKKKGERQDLVAYLKSATS,103
488,STGSATTTPIDSLDDAYITPVQIGTPAQTLNLDFDTGSSDLWVFSSETTASEVDGQTIYTPSKSTTAKLLSGATWSISYGDGSSSSGDVYTDTVSVGGLTVTGQAVESAKKVSSSFTEDSTIDGLLGLAFSTLNTVSPTQQKTFFDNAKASLDSPVFTADLGYHAPGTYNFGFIDTTAYTGSITYTAVSTKQGFWEWTSTGYAVGSGTFKSTSIDGIADTGTTLLYLPATVVSAYWAQVSGAKSSSSVGGYVFPCSATLPSFTFGVGSARIVIPGDYIDFGPISTGSSSCFGGIQSSAGIGINIFGDVALKAAFVVFNGATTPTLGFASK,330
489,ATLKEKLIAPVAQQETTIPDNKITVVGVGQVGMACAISILGKSLTDELALVDVLEDKLKGEMMDLQHGSLFLQTPKIVANKDYSVTANSKIVVVTAGVRQQEGESRLNLVQRNVNVFKFIIPQIVKYSPNCIIIVVSNPVDILTYVAWKLSGLPKHRVIGSGCNLDSARFRYLMGEKLGVHPSSCHGWILGEHGDSSVAVWSGVNVAGVVLQQLNPEMGTDNDSENWKEVHKMVVESAYEVIKLKGYTNWAIGLSVADLIESMLKNLSRIHPVSTMVQGMYGIENEVFLSLPCVLNARGLTSVINQKLKDDEVAQLKNSADTLWGIQKDLKDL,333
490,KVFGRCELAAAMKRHGLDNYRGYSLGNWVCAAKFESNFNTQATNRNTDGSTDYGILQINSRWWCNDGRTPGSRNLCNIPCSALLSSDITASVNCAKKIVSDGNGMNAWVAWRNRCKGTDVQAWIRGCRL,129
491,YAPSALVLTVGKGVSATTAAPERAVTLTCAPGPSGTHPAAGSACADLAAVGGDLNALTRGEDVGCPKVYDPVLLTVDGVWQGKRVSYERVFSNECEMNAHGSSVFAF,107
492,ARSTNTFNYATYHTLDEIYDFMDLLVAQHPELVSKLQIGRSYEGRPIYVLKFSTGGSNRPAIWIDLGIHSREWITQATGVWFAKKFTENYGQNPSFTAILDSMDIFLEIVTNPNGFAFTHSENRLWRKTRSVTSSSLCVGVDANRNWDAGFGKAGASSSPCSETYHGKYANSEVEVKSIVDFVKNHGNFKAFLSIHSYSQLLLYPYGYTTQSIPDKTELNQVAKSAVAALKSLYGTSYKYGSIITTIYQASGGSIDWSYNQGIKYSFTFELRDTGRYGFLLPASQIIPTAQETWLGVLTIMEHTVNN,307
493,NLAPLPPHVPEHLVFDFDMYNPSNLSAGVQEAWAVLQESNVPDLVWTRCNGGHWIATRGQLIREAYEDYRHFSSECPFIPREAGEAYDFIPTSMDPPEQRQFRALANQVVGMPVVDKLENRIQELACSLIESLRPQGQCNFTEDYAEPFPIRIFMLLAGLPEEDIPHLKYLTDQMTRPDGSMTFAEAKEALYDYLIPIIEQRRQKPGTDAISIVANGQVNGRPITSDEAKRMCGLLLVGGLDTVVNFLSFSMEFLAKSPEHRQELIERPERIPAACEELLRRFSLVADGRILTSDYEFHGVQLKKGDQILLPQMLSGLDERENACPMHVDFSRQKVSHTTFGHGSHLCLGQHLARREIIVTLKEWLTRIPDFSIAPGAQIQHKSGIVSGVQALPLVWDPATTKAV,405
494,ASSTNLKDVLAALIPKEQARIKTFRQQHGGTALGQITVDMSYGGMRGMKGLVYETSVLDPDEGIRFRGFSIPECQKLLPKGGGGEPLPEGLFWLLVTGQIPTGAQVSWLSKEWAKRAALPSHVVTMLDNFPTNLHPMSQLSAAITALNSESNFARAYAEGILRTKYWEMVYESAMDLIAKLPCVAAKIYRNLYRAGSSIGAIDSKLDWSHNFTNMLGYTDAQFTELMRLYLTIHSDHEGGNVSAHTSHLVGSALSDPYLSFAAAMNGLAGPLHGLANQEVLGWLAQLQKAAGADASLRDYIWNTLNSGRVVPGYGHAVLRKTDPRYTCQREFALKHLPGDPMFKLVAQLYKIVPNVLLEQGAAANPWPNVDAHSGVLLQYYGMTEMNYYTVLFGVSRALGVLAQLIWSRALGFPLERPKSMSTDGLIAL,429
495,MISLIAALAVDRVIGPWNLPADLAWFKRNTLDKPVIMGRHTWESIGRPLPGRKNIILSSQPGTDDRVTWVKSVDEAIAACGDVPEIMVIGGGRVYEQFLPKAQKLYLTHIDAEVEGDTHFPDYEPDDWESVFSEFHDADAQNSHSYCFEILERR,154
496,VVYTDCTESGQNLCLCEGSNVCGQGNKCILGSDGEKNQCVTGEGTPEPQ,49
497,XLYSALANKCCHVGCTKRSLARFC,24
498,SWMEEVIKLCGRELVRAQIAICGMS,25
499,ITGTSTVGVGRGVLGDQKNINTTYSTYYYLQDNTRGDGIFTYDAKYRTTLPGSLWADADNQFFASYDAPAVDAHYYAGVTYDYYKNVHNRLSYDGNNAAIRSSVHYSQGYNNAFWNGSEMVYGDGDGQTFIPLSGGIDVVAHELTHAVTDYTAGLIYQNESGAINEAISDIFGTLVEFYANKNPDWEIGEDVYTPGISGDSLRSMSDPAKYGDPDHYSKRYTGTQDNGGVHINSGIINKAAYLISQGGTHYGVSVVGIGRDKLGKIFYRALTQYLTPTSNFSQLRAAAVQSATDLYGSTSQEVASVKQAFDAVGVK,316
500,NRDPASDQMKHWKEQRAAQKPDVLTTGGGNPVGDKLNSLTVGPRGPLLVQDVVFTDEMAHFDRERIPERVVHAKGAGAFGYFEVTHDITRYSKAKVFEHIGKRTPIAVRFSTVAGESGSADTVRDPRGFAVKFYTEDGNWDLVGNNTPIFFIRDALLFPSFIHSQKRNPQTHLKDPDMVWDFWSLRPESLHQVSFLFSDRGIPDGHRHMDGYGSHTFKLVNADGEAVYCKFHYKTDQGIKNLSVEDAARLAHEDPDYGLRDLFNAIATGNYPSWTLYIQVMTFSEAEIFPFNPFDLTKVWPHGDYPLIPVGKLVLNRNPVNYFAEVEQLAFDPSNMPPGIEPSPDKMLQGRLFAYPDTHRHRLGPNYLQIPVNCPYRARVANYQRDGPMCMMDNQGGAPNYYPNSFSAPEHQPSALEHRTHFSGDVQRFNSANDDNVTQVRTFYLKVLNEEQRKRLCENIAGHLKDAQLFIQKKAVKNFSDVHPEYGSRIQALLDKYN,498
501,SKVVVPAQGKKITLQNGKLNVPENPIIPYIEGDGIGVDVTPAMLKVVDAAVEKAYKGERKISWMEIYTGEKSTQVYGQDVWLPAETLDLIREYRVAIKGPLTTPVGGGIRELNVALRQELDLYICLRPVRYYQGTPSPVKHPELTDMVIFRENSEDIYAGIEWKADSADAEKVIKFLREEMGVKKIRFPEHCGIGIKPCSEEGTKRLVRAAIEYAIANDRDSVTLVHKGNIMKFTEGAFKDWGYQLAREEFGGELIDGGPWLKVKNPNTGKEIVIKDVIADAFLQQILLRPAEYDVIACMNLNGDYISDALAAQVGGIGIAPGANIGDECALFEATHGTAPKYAGQDKVNPGSIILSAEMMLRHMGWTEAADLIVKGMEGAINAKTVTYDFERLMDGAKLLKCSEFGDAIIENM,414
502,KETAAAKFERQHMDSSTSAASSSNYCNQMMKSRNLTKDRCKPVNTFVHESLADVQAVCSQKNVACKNGQTNCYQSYSTMSITDCRETGSSKYPNCAYKTTQANKHIIVACEGNPYVPVHFDASV,124
503,MTEYKLVVVGAPGVGKSALTIQLIQNHFVDEYDPTIEDSYRKQVVIDGETCLLDILDTAGQEEYSAMRDQYMRTGEGFLCVFAINNTKSFEDIHQYREQIKRVKDSDDVPMVLVGNKCDLAARTVESRQAQDLARSYGIPYIETSAKTRQGVEDAFYTLVREIRQH,166
504,STAGKVIKCKAAVLWEEKKPFSIEEVEVAPPKAHEVRIKMVATGICRSDDHVVSGTLVTPLPVIAGHEAAGIVESIGEGVTTVRPGDKVIPLFTPQCGKCRVCKHPEGNFCLKNDLSMPRGTMQDGTSRFTCRGKPIHHFLGTSTFSQYTVVDEISVAKIDAASPLEKVCLIGCGFSTGYGSAVKVAKVTQGSTCAVFGLGGVGLSVIMGCKAAGAARIIGVDINKDKFAKAKEVGATECVNPQDYKKPIQEVLTEMSNGGVDFSFEVIGRLDTMVTALSCCQEAYGVSVIVGVPPDSQNLSMNPMLLLSGRTWKGAIFGGFKSKDSVPKLVADFMAKKFALDPLITHVLPFEKINEGFDLLRSGESIRTILTF,374
505,HPTFNKITPNLAEFAFSLYRQLAHQSNSTNIFFSPVSIATAFAMLSLGTKADTHDEILEGLNFNLTEIPEAQIHEGFQELLRTLNQPDSQLQLTTGNGLFLSEGLKLVDKFLEDVKKLYHSEAFTVNFGDTEEAKKQINDYVEKGTQGKIVDLVKELDRDTVFALVNYIFFKGKWERPFEVKDTEEEDFHVDQVTTVKVPMMKRLGMFNIQHCKKLSSWVLLMKYLGNATAIFFLPDEGKLQHLENELTHDIITKFLENEDRRSASLHLPKLSITGTYDLKSVLGQLGITKVFSNGADLSGVTEEAPLKLSKAVHKAVLTIDEKGTEAAGAMFLEAIPM,339
506,SIPPEVKFNKPFVFLMIEQNTKSPLFMGKVVNPTQK,36
507,FVNQHLCGSHLVEALYLVCGERGFFYTPKA,30
508,IPEYVDWRQKGAVTPVKNQGSCGSCWAFSAVVTIEGIIKIRTGNLNQYSEQELLDCDRRSYGCNGGYPWSALQLVAQYGIHYRNTYPYEGVQRYCRSREKGPYAAKTDGVRQVQPYNQGALLYSIANQPVSVVLQAAGKDFQLYRGGIFVGPCGNKVDHAVAAVGYGPNYILIKNSWGTGWGENGYIRIKRGTGNSYGVCGLYTSSFYPVKN,212
509,XRCGEQGSNMECPNNLCCSQYGYCGMGGDYCGKGCQNGACWTSKRCGSQAGGATCPNNHCCSQYGHCGFGAEYCGAGCQGGPCRADIKCGSQSGGKLCPNNLCCSQWGFCGLGSEFCGGGCQSGACSTDKPCGKDAGGRVCTNNYCCSKWGSCGIGPGYCGAGCQSGGCDA,171
510,MYGNWGRFIRVNLSTGDIKVEEYDEELAKKWLGSRGLAIYLLLKEMDPTVDPLSPENKLIIAAGPLTGTSAPTGGRYNVVTKSPLTGFITMANSGGYFGAELKFAGYDAIVVEGKAEKPVYIYIKDEHIEIRDASHIWGKKVSETEATIRKEVGSEKVKIASIGPAGENLVKFAAIMNDGHRAAGRGGVGAVMGSKNLKAIAVEGSKTVPI,211
511,MPPITQQATVTAWLPQVDASQITGTISSLESFTNRFYTTTSGAQASDWIASEWQALSASLPNASVKQVSHSGYNQKSVVMTITGSEAPDEWIVIGGHLDSTIGSHTNEQSVAPGADDDASGIAAVTEVIRVLSENNFQPKRSIAFMAYAAEEVGLRGSQDLANQYKSEGKNVVSALQLDMTNYKGSAQDVVFITDYTDSNFTQYLTQLMDEYLPSLTYGFDTCGYACSDHASWHNAGYPAAMPFESKFNDYNPRIHTTQDTLANSDPTGSHAKKFTQLGLAYAIEMGSATG,291
512,XRAKVAMSHFEPHEYIRYDLLEKNIDIVRKRLNRPLTLSEKIVYGHLDDPANQEIERGKTYLRLRPDRVAMQDATAQMAMLQFISSGLPKVAVPSTIHCDHLIEAQLGGEKDLRRAKDINQEVYNFLATAGAKYGVGFWRPGSGIIHQIILENYAYPGVLLIGTDSHTPNGGGLGGICIGVGGADAVDVMAGIPWELKCPKVIGVKLTGSLSGWTSPKDVILKVAGILTVKGGTGAIVEYHGPGVDSISCTGMATICNMGAEIGATTSVFPYNHRMKKYLSKTGRADIANLADEFKDHLVPDPGCHYDQVIEINLSELKPHINGPFTPDLAHPVAEVGSVAEKEGWPLDIRVGLIGSCTNSSYEDMGRSAAVAKQALAHGLKCKSQFTITPGSEQIRATIERDGYAQVLRDVGGIVLANACGPCIGQWDRKDIKKGEKNTIVTSYNRNFTGRNDANPETHAFVTSPEIVTALAIAGTLKFNPETDFLTGKDGKKFKLEAPDADELPRAEFDPGQDTYQHPPKDSSGQRVDVSPTSQRLQLLEPFDKWDGKDLEDLQILIKVKGKCTTDHISAAGPWLKFRGHLDNISNNLLIGAINIENRKANSVRNAVTQEFGPVPDTARYYKQHGIRWVVIGDENYGEGSSREHSALEPRHLGGRAIITKSFARIHETNLKKQGLLPLTFADPADYNKIHPVDKLTIQ,700
513,IERGKTYLRLRPDRVAMQDATAQMAMLQFISSGLPKVAVPSTIHCDHLIEAQLGGEKDLRRAKDINQEVYNFLATAGAKYGVGFWRPGSGIIHQIILENYAYPGVLLIGTDSHTPNGGGLGGICIGVGGADAVDVMAGIPWELKCPKVIGVKLTGSLSGWTSPKDVILKVAGILTVKGGTGAIVEYHGPGVDSISCTGMATICNMGAEIGATTSVFPYNHRMKKYLSKTGRADIANLADEFKDHLVPDPGCHYDQVIEINLSELKPHINGPFTPDLAHPVAEVGSVAEKEGWPLDIRVGLIGSCTNSSYEDMGRSAAVAKQALAHGLKCKSQFTITPGSEQIRATIERDGYAQVLRDVGGIVLANACGPCIGQWDRKDIKKGEKNTIVTSYNRNFTGRNDANPETHAFVTSPEIVTALAIAGTLKFNPETDFLTGKDGKKFKLEAPDADELPRAEFDPGQDTYQHPPKDSSGQRVDVSPTSQRLQLLEPFDKWDGKDLEDLQILIKVKGKCTTDHISAAGPWLKFRGHLDNISNNLLIGAINIENRKANSVRNAVTQEFGPVPDTARYYKQHGIRWVVIGDENYGEGSSREHSALEPRHLGGRAIITKSFARIHETNLKKQGLLPLTFADPADYNKIHPVDKLTIQGLKDFAPGKPLKCIIKHPNGTQETILLNHTFNETQIEWFRAGSALNRMKELQQK,700
