id,length,residue,predicted_dssp8
0,140,MTRLSEILDQMTTVLNDLKTVMDAEQQQLSVGQINGSQLQRITEEKSSLLATLDYLEQQRRLEQNAQRSANDDIAERWQAITEKTQHLRDLNQHNGWLLEGQIERNQQALEVLKPHQEPTLYGADGQTSVSHRGGKKISI,--HHHHHHHHHHHHHHHHHHHHHHHHHHHHSSS--HHHHHHHHHHHHHHHHHHHHHHHHHHHHHHH-S---HHHHHHHHHHHHHHHHHHHHHHHHHHHHHHHHHHHHHHHHHHGGG-S--PBPTTS-B------PPP---
1,102,MKPTYEILGQMDETFILVKDSEYLYFVDQHLLEERINYEKLKDENLACRISVKAGQKLSEEKIRELIKTWRNLENPHVCPHGRPIYYKIPLREIYEKVGRNY,-PPPPEEEEEETTTEEEEE-SSEEEEEEHHHHHHHHHHHHHS-HHHHHHHSPPTTPPPPHHHHHHHHHHHTT-S--SB-TTS-BSEEEEEHHHHHHHTT---
2,468,SGRPMPVFEDVTRALVRELNPRGDLTPLDSLIDFKHFRPFCLVLRKRKSTLFWGARYVRTDYTLLDLLEPGSSPSDLTDSGNFSFKNMLDVQVQGLVEVPKTVKVKGTAGLSQSSTLEVQTLSVAPSALENLKKERKLSADHSFLNEMRYHEKNLYVVMEAVEAKQEVTVEQTGNANAIFSLPSLALLGLQGSLNNNKAVTIPKGCVLAYRVRLLRVFLFNLWDIPYICNDSMQTFPKIRRVPCSAFISPTQMISEEPEEEKLIGEMHEDFKTLKEEVQRETQEVEKLSPVGRSSLLTSLSHLLGKKKELQDLEQKLEGALDKGQKVTLEALPKDVLLSKDAMDAILYFLGALTELTEEQLKILVKSLEKKILPVQLKLVESTLEQNFLQDKEGVFPLQPDLLSSLGEEELTLTEALVGLSGLEVQRSGPQYAWDPDTRHNLCALYAGLSLLHLLSRKSNALTYCALS,---SHHHHHHHHHHHHHHHSTTSSPEEP--GGGGGGGSTTEEEEEPTT--SSS---EEEEEEETGGGBPPPSSGGGSSSSS---GGGSEEEEEEEEEEPPTTEEEEETT-S-EESEEEEEEEEE-HHHHHHHHHH-PBPTT-HHHHHHHHTTPPEEEEEEEEEESS-EEEEE-GGGGGTTTSHHHHHTT--SS--S--EEEE-TT-EEEEEEEE-EE-GGG-EE--SS--TT--SS-------S-----GGG-S----S--S--------HHHHHHHHHHHHHHHHTS-HHHHHHHHHHHHHHTT-HHHHHHHHHHHHHHHHTT-----TTS-TT-PPPHHHHHHHHHHHHHHHHS-HHHHHHHHHHHHHT-HHHHHHHHHHHHHHHTT--S-EEEEPPTTSSTT--HHHHHHHHHHHHTTT-EEETTTTEEEE-GGGHHHHHHHHHHHHHHHHHHS--GGGSSSS--
3,714,MTARRFLNELADLYGVATSYTDYKGAHIEVSDDTLVKILRALGVNLDTSNLPNDDAIQRQIALFHDREFTRPLPPSVVAVEGDELVFPVHVHDGSPADVHIELEDGTQRDVSQVENWTAPREIDGIRWGEASFKIPGDLPLGWHKLHLKSNERSAECGLIITPARLSTADKYLDSPRSGVMAQIYSVRSTLSWGMGDFNDLGNLASVVAQDGADFLLINPMHAAEPLPPTEDSPYLPTTRRFINPIYIRVEDIPEFNQLEIDLRDDIAEMAAEFRERNLTSDIIERNDVYAAKLQVLRAIFEMPRSSEREANFVSFVQREGQGLIDFATWCADRETAQSESVHGTEPDRDELTMFYMWLQWLCDEQLAAAQKRAVDAGMSIGIMADLAVGVHPGGADAQNLSHVLAPDASVGAPPDGYNQQGQDWSQPPWHPVRLAEEGYIPWRNLLRTVLRHSGGIRVDHVLGLFRLFVMPRMQSPATGTYIRFDHNALVGILALEAELAGAVVIGEDLGTFEPWVQDALAQRGIMGTSILWFEHSPSQPGPRRQEEYRPLALTTVTTHDLPPTAGYLEGEHIALRERLGVLNTDPAAELAEDLQWQAEILDVAASANALPAREYVGLERDQRGELAELLEGLHTFVAKTPSALTCVCLVDMVGEKRAQNQPGTTRDMYPNWCIPLCDSEGNSVLIESLRENELYHRVAKASKRDLEHHHHHH,---HHHHHHHHHHTTB-SEEE-TTS-EEEPPHHHHHHHHHHTT----SSSSPPHHHHHHHHHHHHHHHHT-SS-SEEEEETT---EEEEEEETT---EEEEE-TTS-EEE-EEE---PPPEEETTEEEEEEEEE--TTPPSEEEEEEEEETTEEEEEEEEEE-SS-HHHHHHHHS-EEEEEE-GGG-B-TTSSSS--HHHHHHHHHHHHHTT-SEEEE---B---SSSSPPS-TTS-S-SSSB-GGG--GGGSGGGGGS-HHHHHHHHHHHHHHHHHTTS-PPP-HHHHHHHHHHHHHHHHTSPPPHHHHHHHHHHHHHHTHHHHHHHHHHHHHHHHHHTTS-SPPPPHHHHHHHHHHHHHHHHHHHHHHHHHHHHTT-SSEEEEEE-S---TTSHHHHHTGGGB-TTEEEEE---SS-TT-EEEEEPPB-HHHHHHTTTHHHHHHHHHHHTT-SEEEETTGGGGTEEEEEETTS-GGG-EEEE--HHHHHHHHHHHHHHHT-EEEE---SS--HHHHHHHHHTT-BEEEEGGG-B-SSSSSBPPGGGS-SSEEEES--TTS--HHHHHHTHHHHHHHHTT---S-HHHHHHHHHHHHHHHHHHHHHTTSS-S---TT--GGGS--HHHHHHHHHHHHHTSS-SEEEEEHHHHHT--S-S--TT--TTTS-TT----B-TTS-B-BGGGGGG-HHHHHHHHHT-----------
4,235,MGSSHHHHHHSSGLVPRGSHMPSYTLHYFNHRGRAEICRMLFAAAGVQYNDRRIESSEWDSMRNKMPCHMMPMLELDNRTQIPQSMAMARYLAREFGFHGRNNMEMARVDFISDCFYDILDDYMRMYFDGNCRMMFQRSRDTSSSSEKRMRFQETCRRILPFMERTLEMYSGGSQYFMGDQMTMADMMCYCALENPLMEEPSMLSSYPKLMALRNRVMNHSKMSSYLQRRCRTEF,-------------PPPTTS-PPPEEEEEESSSGGGHHHHHHHHHHT---EEEEE-HHHHHHHGGGSGGG-S-EEEETTTEEEESHHHHHHHHHHHHT-S-SSHHHHHHHHHHHHHHHHHHHHHHHHHB-TTS-B--S--S-HHHHHHHHHHHHHHHHHHHHHHHHHHHTTGGGTSBTTBSS--HHHHHHHHTTHHHHHH-TTTTTT-HHHHHHHHHHHH-TTTHHHHHHSPP---
5,467,SNAMEDLDALWERYREAVRAGGNPQALYQEMVWPALLALWREKPRVYPFPQAFAVSVHTLGTSPEATALAILGAGAERVYVLHTPESARFLPRLRQDTGKDLYPVEIGKSDVEAIYREVKRLLEKHPEVPVALDLTSGTKAMSAGLAAAGFFFQRFYPKVRVVYVDNEDYDPELRRPRAGTEKLRILPNPHEALAEVDALFAKELYGKGEFGQAAAYFRGMVGRTGNQAYALYALLAEMYRAWRALDFGEALKAGRKLLGQLSQNVWLNHPLNARREALEAQVALLEAVDRFLKARDFALKEGVYGLARTLLHLAQEAKEEAAVLAALYAYRALELLLQERLALLGRRAEAPGLSPEEAEALRKALAELLGVLPEEVRLPAKLGLLDLLAFLRLKGDEALGRLSLAELRGLAGALKGRNSALLVHGFDVPSPKAVEGIARLAQGLLQDLEARTALGPLSPEPVPLGF,-HHHHHHHHHHHHHHHHHHTT--HHHHIIIIIHHHHHHHHHH---EES-----SEEEEEE-S-HHHHHHHHHHH--SEEEEEE-TTTGGGHHHHHHHH-PPEEEEE--TT-HHHHHHHHHHHHHHSTTS-EEEE-SSS-HHHHHHHHHHHHHHTTT-TTEEEEEEEES-EETTTTEEPTT-EEEEEEPPHHHHH-HHHHHHHHHHHHTT-HHHHHHHHHHHHHHH--THHHHHHHHHHHHHHHHTT-HHHHHHHHHHHHHHHTSGGGTT-GGGGGHHHHHHHHHHHHHHHHHHHH--TT-HHHHHHHHHHHHHHHHHTTTT-HHHHHHHHHHHHHHHHHHHHHTTT-BTTB----HHHHHHHHHHHHHHHTS-GGG-PPPSS--HHHHHHHHHHTT-HHHHTS-HHHHHHHHHHHHTTTTBTTTTSSBPPPHHHHHHHHHHHHHHHHHHHHHSSS-S---SPPP---
6,123,MGPVAGNYVHDFTANGTSSSFYTIAGNLSTSKGTATYNGKTLTQCLKMETATSISFTAPSAGKLTLVFAEAAATAKVDGNKVTASNGIITVDLAQGAHTITKADACNLFYMEYAALEHHHHHH,----SEEEEEEHHHHTT--SS-EEES-EESSS--EEETTEEE--EEEE-TT-EEEEEESSSEEEEEEESSTT-EEEETTEEEE-BTTEEEEEE-SEEEEEE-SSSEEEEEEEEEEPPPP----
7,132,HHHHHHSGNTLKIEAESYLYSNDVQKEPCSEGGENVGYINNGSWMSYPGINFPSSGNYLIEYRVASAVDGGRFSSDLEAGETVLGELSVPNTGGWQNWTTVSQTVNVSAGTYQFGLYSISGGWNINWIRITK,--SEEEETTEEEEEGGG-SEEES-EEEE-TTSSEEEE---TT-EEEEEEEEE-SSEEEEEEEEEEESSS--EEEEEETTTTEEEEEEEPP--SEEEEEEEEEEEEEE-SEEEEEEEEEEE---EEEEEEEE-
8,166,GPGGTMGRVTAPEPLSAFHQVAEFVSGEAVLDDWLKQKGLKNQALGAARTFVVCKKDTKQVAGFYSLATGSVNHTEATGNLRRNMPDPIPVIILARLAVDLSFHGKGLGADLLHDAVLRCYRVAENIGVRAIMVHALTEEAKNFFIHHGFKSSQTQQRTLFLRLPQ,-----TTTBPPPEE--TTSB-TT---S-HHHHHIIIIIIHHHHHHTS-EEEEEEBTTS-BEEEEEEEEEEEE-TTTS-HHHHTT--SSEEEEEEEEEEE-GGGTTSSHHHHHHHHHHHHHHHHHHHH---EEEEE-SSHHHHHHHHHTT-EE-SSSTTEEEEEPP-
9,196,MSQLWVLYETYCQLFSLTNEEKVIVIGNQLEHHVTVSSFSFRNGYIQIEKKSDGSTLAVLQGGRQIGELKPRCSITIDVDGQQMTIAWSGEEQRKYVYYVGQQSEVLVSNDPQADIETTNARFSLRKHRGQWVVIPDDDAPLFLNGVQLSDAVSLRNGDVLLCPYMQFVFIEEDLLAVTSSEEVVSSLTETMPPLS,-EEEEEEETTEEEEEEEPSS-SEEEEESSTTSSEE-SSS--TT--EEEEE-TTSS-EEEEETTEEEEEEPTTEEEEEEETTEEEEEEE--S--EEEEEE-TT-SEEEEES-TTSSEE-SS--EEEEEETTEEEEEE-TTS--EETTEE-SS-EE--TT-EEEETTEEEEEEETTEEEEEESSPPEESSEE-PPP--
10,320,AFPISDITVVSERTDASTAYLSDWFVVSFVFSTAGSDETIAGDATIEVSIPNELEFVQYPDSVDPSVSEFFTTAGVQVLSTAFDYDSHVLTFTFSDPGQVITDLEGVVFFTLKLSEQFTESASPGQHTFDFETSDQTYSPSVDLVALDRSQPIKLSNAVTGGVEWFVDIPGAFGDITNIDISTVQTPGTFDCSEVKYAVGSSLNEFGDFTPQDRTTFFSNSSSGEWIPITPASGLPVESFECGDGTISLSFAGELADDEVLRVSFLSNLADDVLEVQNVVNVDLTTADSRKRALTSFVLDEPFYRASRTDTAAFEAFAAV,--SEEEEEEEETTTTBSEE-TT--EEEEEEEE-TT----EETT-EEEEEPPTTEEPPPSSTT--TT-EEEEETTS-EEEEEEEETTTTEEEEEES-TT-EEEEEEEEEEEEEEE-HHHHTT--SEEEE--EE-SS-EE--EEEE----TTS-EEEEEEETTEEEEEEEEEGGG-SEEEEEEEEEEESSEEEEEEEEEEEE--B-TTS-B--B-------S--TTB-EE--TT--TTEEEEEEETTEEEEEEESPPPTT-EEEEEEEEE--TT--EEEEEEEEEEEEEETTEEEEEEEEE---EESS----SEEEEEEEE-
11,263,MNLREKYGEWGLILGATEGVGKAFCEKIAAGGMNVVMVGRREEKLNVLAGEIRETYGVETKVVRADFSQPGAAETVFAATEGLDMGFMSYVACLHSFGKIQDTPWEKHEAMINVNVVTFLKCFHHYMRIFAAQDRGAVINVSSMTGISSSPWNGQYGAGKAFILKMTEAVACECEGTGVDVEVITLGTTLTPSLLSNLPGGPQGEAVMKIALTPEECVDEAFEKLGKELSVIAGQRNKDSVHDWKANHTEDEYIRYMGSFYRD,--HHHHH-SEEEEETTTSTHHHHHHHHHHHTT-EEEEEES-HHHHHHHHHHHHHHH---EEEEE--TTSTTHHHHHHHHHTTS-EEEEEE-------S-GGGS-HHHHHHHHIIIIIIHHHHHHHHHHHHHHHT-EEEEEEEEGGGTS--TTSHHHHHHHHHHHHHHHHHHHHTTTSSEEEEEEEE-SB--HHHHHTPPSTHHHHHHHTTPBPHHHHHHHHHHHTTT-SEEESSHHHHHHHHHHHHH--HHHHHHHHHHTT--
12,348,ADSTSGWRAPSCTKVTGDGAVTFTTDDGATLAPTTGTLQSVSYTHGLVALDTPNTLLATHNDELQRSTDAGCTWTKVATLGSGSTWLTAATGGRAFAWEKNGGYLARVDGRTVTKLSSPSADIVGVGTDKARRDHVRLAGSDGQLYDSTDAGATWKPLGKLAFGPGASVYTVSFDPADLDHAVAGGMTTGGAVTTDGGATWTAATGLSATAGGKSNLFAASVSPADRNVVYALGIDLVEAAPNSGAEGRHLYRSTDGGRTYTRIVDDTPDTELTNSTLLAPSPVDPNVLYFEYGTYFQAYGTDLYRYDARTGKVGKTHNAHDGISAIAFNPARPSVMYLGLEEVQIHH,--TTTT------SSBBSSSSEEEESSTTSSPPPBSS-PPSSB---EEEE-SSTT-EEEEETTEEEEESSTTSB-EEEEE-S-SSEEEEEETTTEEEEEEBTS--EEEEETTEEEE---S-SSEEEEEE-SS-TT-EEEEETTS-EEEESSTTSS-EEES--TT-TT--EEEEEEETTEEEEEEEEETTTEEEEESSTTSS-EE-BSSSSSTT--EEEEEEEE-SS-TT-EEEEEEETTTT-TTS----EEEEEESSSSSB-EEEEE-BTTB---TT--EEE-SS-TTEEEEEEEE-GGG-EEEEEEEETTTTEEEEEEESSSEEEEEEE-SS-TT-EEEEEEB-----
13,97,MAGQQGRELQTVVREMENFMERLRQDPQGIPALCNGALALGGKQGTCTAIPCNVAQDGGLACPTAGDVRAFQVVLRVEEKRLETVVYRPLEHHHHHH,-HHHHHHHHHHHHHHHHHHHHHHHH-TTTHHHHSEEEEEETTEEEEEEEEEEEEPTTS-EESS-SS---EEEEEEEETTEEEEEEEEPPP-------
14,445,TGCDEMVHADSKLVSCRQGSGNMKECVTTGRALLPAVNPGQEACLHFTAPGSPDSKCLKIKVKRINLKCKKSSSYFVPDARSRCTSVRRCRWAGDCQSGCPPHFTSNSFSDDWAGKMDRAGLGFSGCSDGCGGAACGCFNAAPSCIFWRKWVENPHGIIWKVSPCAAWVPSAVIELTMPSGEVRTFHPMSGIPTQVFKGVSVTYLGSDMEVSGLTDLCEIEELKSKKLALAPCNQAGMGVVGKVGEIQCSSEESARTIKKDGCIWNADLVGIELRVDDAVCYSKITSVEAVANYSAIPTTIGGLRFERSHDSQGKISGSPLDITAIRGSFSVNYRGLRLSLSEITATCTGEVTNVSGCYSCMTGAKVSIKLHSSKNSTAHVRCKGDETAFSVLEGVHSYTVSLSFDHAVVDEQCQLNCGGHESQVTLKGNLIFLDVGTKHHHHHH,--------EEEEEEEEEE-STT-EEEEEEEEEEEEEE-TT-EEEEEEE-TT---EEEEEEEEEEEEEEEEE---EEEE--EEEEEEEEE-TTSTT-SSSS-TT--TT---TT-SS---TTB-EEEEEEEE--SGGGT-SS-SPEEEEEEEEEE-TT--EEEEEEEEEEEEEEEEEEE-TTS-EEEE-PPTTPEEEEETTEEEEEEEEEE-----TTEEEEEETTT--EEEEEBPPTT---TTSBTSEEESSHHHHHHTBTTTEEE-GGGEEEEE-SS-EEEEE----HHHHHHHTBSSEEETTEEEEE--STT-SEEEEESSGGGEEEEEEEEEES-EEEEE--PPPEEEEEEEEEEEESSTT-EEEEEEEEESSSEEEEEE-SS-EEEEEE-SEEEEEEEEE--SSSEEEEEEEEEETTEEEEEEEEEE-EE------------
15,464,GGGLAPAEVPKGDRTAGSPPRTISPPPCQGPIEIKETFKYINTVVSCLVFVLGIIGNSTLLYIIYKNKCMRNGPNILIASLALGDLLHIVIAIPINVYKLLAEDWPFGAEMCKLVPFIQKASVGITVLSLCALSIDRYRAVASWSRIKGIGVPKWTAVEIVLIWVVSVVLAVPEAIGFDIITMDYKGSYLRICLLHPVQKTAFMQFYATAKDWWLFSFYFCLPLAITAFFYTLMTCEMLRKNIFEMLRIDEGGGSGGDEAEKLFNQDVDAAVRGILRNAKLKPVYDSLDAVRRAALINMVFQMGETGVAGFTNSLRMLQQKRWDEAAVNLAKSRWYNQTPNRAKRVITTFRTGTWDAYLNDHLKQRREVAKTVFCLVLVFALCWLPLHLARILKLTLYNQNDPNRCELLSFLLVLDYIGINMASLNSCANPIALYLVSKRFKNAFKSALCCWAQSPSSENLYFQ,--PPPPPPPP-------PPP---PPPPPSS-----HHHHHHHHHHHHHHHHHHHHHHHHHHHHHHH-GGG-SHHHHHHHHHHHHHHHHHHHHHHHHHHHHHH-S--SHHHHHHHHHHHHHHHHHHHHHHHHHHHHHHHHHHH-GGGTT--S--HHHHHHHHHHHHHHHHHHHHHHHHEEEEEEEETTEEEEEEEE-SS-SSHHHHHHHHHHHHHHHIIIIIHHHHHHHHHHHHHHHHHHHHHHHHHHHHHHT-----HHHHHHHHHHHHHHHHHHHH-TTHHHHHHHS-HHHHHHHHHHHHHHHHHHHHT-HHHHHHHHTT-HHHHHHHHHTSHHHHHSHHHHHHHHHHHHHSSSGGG--HHHHHHHHHHHHHHHHHHHHHHHHHHHHHHHHHHHHH--TT-TTHHHHHHHHHHHHHHHHHHHHHHHHHHHHHHHHH-HHHHHHHHHHHHHHHT---S---S--
16,202,MLYGVEIDEQYLRVMEEYKDKEVITQADMAKVALQRKNVYQDQAEKRQAELKAEYGVGVCVLVRVYNATGGPITAKIEESFRGHFGAHTREKRIGNGQWTVFIHTKSAGAAVGSAGCIVYGTTDNLDIFSGWQNPWNRSWDSQVLVEVRQSGHWWKNGSKDYMLHLLDTHNGQNSDSSYGDVKAHGSTGNETTAYVEYVYSR,-EES----HHHHHTSTTTTT-S---HHHHHHHHHHTGGGGHHHHHHHHHHHHHHH-SS-EEEEEEEEESSS-EEEEEEEEEESEE-SSPPPSEE-TTEEEEEEEEPPTTSS--EEEEEEEEPTTSEEEEEEEEE-SSTTS--EEEEEEEETTHHHHTB-HHHHHHHHHH---SEEEEEETTEEEEEEE--SSEEEEEEEEE-
17,194,SLFYNPQKMLSYDRILNFVIGARGIGKSYAMKVYPINRFIKYGEQFIYVRRYKPELAKVSNYFNDVAQEFPDHELVVKGRRFYIDGKLAGWAIPLSVWQSEKSNAYPNVSTIVFDEFIREKDNSNYIPNEVSALLNLMDTVFRNRERVRCICLSNAVSVVNPYFLFFNLVPDVNKRFNVYDDALIEIPDSLDFS,--S--THHHHHT--SEEEEE--TTSSHHHHHHHHHHHHHHHH--EEEEEESSGGGGTTGGGTTTTTGGG-TTS-EEEETTEEEETTEEEEEEEEGGGGGGGTT---TTEEEEEEET-S-SS-STTPPTTHHHHHHHHHHHHHTT-SS-EEEEEES---S-SHHHHHTT----TT-SEEE-SSEEEE---GGGG-
18,124,SDRMKSDHKRETERVVREALEKLRSEMEEEKRQAVNKAVANMQGEMDRKCKQVKEKCKEEFVEEIKKLATQHKQLISQTKKKQWCYNCEEEAMYHCCWNTSYCSIKCQQEHWHAEHKRTCRRKR,-HHHHHHHHHHHHHHHHHHHHHHHHHHHHHHHHHHHHHHHHHHHHHHHHHHHHHHHHHHHHHHHHHHHHHHHHHHHHHHTTS-BBTTT-SBP-EEEETTEEESSHHHHHHHIIIIIHHH-----
19,404,MTIAKDANTFFGAESVQDPYPLYERMRAAGSVHRIANSDFYAVCGWDAVNEAIGRPEDFSSNLTATMTYTAEGTAKPFEMDPLGGPTHVLATADDPAHAVHRKLVLRHLAAKRIRVMEQFTVQAADRLWVDGMQDGCIEWMGAMANRLPMMVVAELIGLPDPDIAQLVKWGYAATQLLEGLVENDQLVAAGVALMELSGYIFEQFDRAAADPRDNLLGELATACASGELDTLTAQVMMVTLFAAGGESTAALLGSAVWILATRPDIQQQVRANPELLGAFIEETLRYEPPFRGHYRHVRNATTLDGTELPADSHLLLLWGAANRDPAQFEAPGEFRLDRAGGKGHISFGKGAHFCVGAALARLEARIVLRLLLDRTSVIEAADVGGWLPSILVRRIERLELAVQ,--TTSSHHHHHSHHHHH--HHHHHHHHHH-SEEE-TTSSEEEE-SHHHHHHHHH-TTTEE----EEEEE-TTS-EEEEE-SPTT-TT--GGGPPTTHHHHHHHHHHHHSSHHHHHHHHHHHHHHHHHHHHHH-BTTEEEHIIIIITTHHHHHHHHHHT-----HHHHHHHHHHHHHTTSS---HHHHHHHHHHHHHHHHHHHHHHHHHHHS--SSHHHHHHHHHHTTSS-HHHHHHHHHHHHHHHHHHHHHHHHHHHHHHHH-HHHHHHHHH-GGGHHHHHHHHHHHS-SBSEEEEEE-SSEEETTEEE-TT-EEEEEHHHHTT-TTTSSSTTS--TT-TTGGG--TT--GGGS-TTHHHHHHHHHHHHHHHHHH-S-EEEEEEPPBPS-SSB--BS-EEEEE-
20,1111,GAMDPEFGRPMEISDKISKEEMVRRLKMVVKTFMDMDQDSEEEKELYLNLALHLASDFFLKHPDKDVRLLVACCLADIFRIYAPEAPHTSPDKLKDIFMFITRQLKGLEDTKSPQFNRYFYLLENIAWVKSYNICFELEDSNEIFTQLYRTLFSVINNGHNQKVHMHMVDLMSSIICEGDTVSQELLDTVLVNLVPAHKNLNKQAYDLAKALLKRTAQAIEPYITNFFNQVLMLGKTSISDLSEHVFDLILELYNIDSHLLLSVLPQLEFKLKSNDNEERLQVVKLLAKMFGAKDSELASQNKPLWQCYLGRFNDIHVPIRLECVKFASHCLMNHPDLAKDLTEYLKVRSHDPEEAIRHDVIVSIVTAAKKDILLVNDHLLNFVRERTLDKRWRVRKEAMMGLAQIYKKYALQSAAGKDAAKQIAWIKDKLLHIYYQNSIDDRLLVERIFAQYMVPHNLETTERMKCLYYLYATLDLNAVKALNEMWKCQNLLRHQVKDLLDLIKQPKTDASVKAIFSKVMVITRNLPDPGKAQDFMKKFTQVLEDDEKIRKQLEVLVSPTCSCKQAEGCVREITKKLGNPKQPTNPFLEMIKFLLERIAPVHIDTESISALIKQVNKSIDGTADDEDEGVPTDQAIRAGLELLKVLSFTHPISFHSAETFESLLACLKMDDEKVAEAALQIFKNTGSKIEEDFPHIRSALLPVLHHKSKKGPPRQAKYAIHCIHAIFSSKETQFAQIFEPLHKSLDPSNLEHLITPLVTIGHIALLAPDQFAAPLKSLVATFIVKDLLMNDRLPGKKTTKLWVPDEEVSPETMVKIQAIKMMVRWLLGMKNNHSKSGTSTLRLLTTILHSDGDLTEQGKISKPDMSRLRLAAGSAIVKLAQEPCYHEIITLEQYQLCALAINDECYQVRQVFAQKLHKGLSRLRLPLEYMAICALCAKDPVKERRAHARQCLVKNINVRREYLKQHAAVSEKLLSLLPEYVVPYTIHLLAHDPDYVKVQDIEQLKDVKECLWFVLEILMAKNENNSHAFIRKMVENIKQTKDAQGPDDAKMNEKLYTVCDVAMNIIMSKSTTYSLESPKDPVLPARFFTQPDKNFSNTKNYLPPEMKSFF,-PBPTTT-SBPP--S---HHHHHHHHHHHHHHHHH--TT-HHHHHHHHHHHHHHTSHHHHT-S-HHHHHHHHHHHHHHHHHTTTS-S---HHHHHHHHHHHHHHHGGGG-TTSTTHHHHHHHHHHHHHHTGGGGGGGSTTHHHHHHHHHHHHHHH--TT--HHHHHHHHHHHHHHHHHSS---HHHHHHHHGGGSHHHHHH-HHHHHHHHHHHHHTHHHHHHHHHHHHIIIIIT--GGG-GGGGGHHHHHHHHHHH-GGGGTTTHHHHHHHTT-S-HHHHHHHHHHHHHHHHSTT--HHHH-HHHHHHHHHGGG-SSHHHHHHHHHHHHHHHHH-GGGHHHHHHHHHHHTT-SSHHHHHHHHHHHHHHHHH-GGGS-HHHHHHHHHHTT-SSHHHHHHHHHHHHHHHIIIIIS-TTHHHHHHHTTHHHHHHHHGGGSS-HHHHHHHHHHIIIIIS-TTS-HHHHHHHHHHHHHHS-HHHHHHHHHHHHHHHHHHHHHHHHHHHHTS---HHHHHHHHHHHHHHHTTSSSHHHHHHHHHHHHHHHHH-HHHHHHHHHHHSTT--HHHHHHHHHHHHHHH--TT-S--HHHHHHHHHHHHHS-SS-SHHHHHHHHHHHHHHHTT-S-TTTTT--HHHHHHHHHHHHHHHHHH-GGGG-SHHHHHHHHHHHTSS-HHHHHHHHHHHHHH-TTHHHH-HHHHHHHHHHHHHHHHHS-HHHHHHHHHHHHHH-TTHHHHHHHHHHHHHHT--TT-GGGGHHHHHHHHHHHHH-TTTTHHHHHHHIIIIIIIIIIT---SPPPP-S-S---GGGS-HHHHHHHHHHHHHHHHHHHH---TTSHHHHHHHHHHHHHHTTT-TT-SS-S-HHHHHHHHHHHHHHHHHHTTSHHHHTT--HHHHHHHHGGGG-SSHHHHHHHHHHHHHHHHTT-S-THHHHGGGGGGG-S-HHHHHHHHHHHHHHHHHHHHHHHH-TT-GGGHHHH-GGGHHHHHHHHHHT-TT---TT-HHHHHHHHHHHHHHHHHHTTS-GGGHHHHHHHHHHHHHTS-BSSSTT-HHHHHHHHHHHHHHHHHHHHH-SSTTSPPSSPPPP-TTTBPPPPTT-------S-GGGGGG-
21,56,SNAMMVTKEFLKTKLECSDMYAQKLIDEAQGDENRLYDLFIQKLAERHTRPAIVEY,---SS--HHHHHHHH---HHHHHHHHHHHTT-HHHHHHHHHHHHHHHT--------
22,262,MLFGIGLMPHGNPALSPEDKETEKLAGVLKDIGKAFSDADSYVLISPHNVRISDHLGVIMAQHLISWLGFEGVELPGEWETDRGLAEEVYNAWKGAEIPTVDLHFASRSGRYSRWPLTWGELIPLQFLEKKPLVLLTPARRLSRETLIKAGEVLGEVLEGSEKKIALIVSADHGHAHDENGPYGYRKESEEYDRLIMELINESRLEELPEIPDELIEKALPDSYWQMLIMLGAMHRVPVKLVESAYACPTYFGMAGALWVRE,-EEEEEEE---GGGTS--SHHHHHHHHHHHHHHHHTTT-SEEEEE-TTS---SSSEEEE--SEEEEEE-BTTB----EEEB-HHHHHHHHHHHHHTT--EEEE-BSBSSSTT-EEEEEHHHHHHHTTS----EEEEE--TTS-HHHHHHHHHHHHHHHHH-SS-EEEEEE-B--S-B-TTSTT-B-HHHHHHHHHHHHHHHTT-GGGGGGS-HHHHHHH--SSHHHHHHHHHHHTTS-EEEEEEEEE-SSSS-EEEEEEEE-
23,364,MGSDKIHHHHHHSSGENLYFQGHMHSSNVSTHGMAVAPHHLASQSALAILREGGSAIEAMVAAAAAIAVVYPHMNGLGGDGFWLIVPPEGDPIAIDASGAAGSLATLEAYAGQRHIPNRGPQAALTVAGTVSGWVEALRISRDLTGRALPVARLLADAIGYAEDGIPVTASQAHATASKLEELRHQPGFSETWLVAGEAPRPGSRFRQPALAGTLRMLASDGLDSFYRGPLAERLAQGMAALGMPITLGDLQAHRARRPGPLTLQHQQGTLWNLAPPTQGLVSLAILGITDRLKMADADDAQTVHRIVEATKRAFALRDAHITDPRHLDVDVQQLLTPEALQPLADSIDDASASPWGGGKGPGD,-------------------------PPP--SS-----SSHHHHHHHHHHHHTT--HHHHHHHHHHHHHHHSTTT--TTS-EEEEE--SSSSPEEEEEPPPBPTT--TTTTTT-SS--SSSTTT--B---HHHHHHHHHHHHHHHHS----HHHHHHHHHHHHHH-EEPPHHHHHHHHHHHHHHTTSTTHHHHH-BTTBPPPTTSEE--HHHHHHHHHHHHH-TTHHHHSHHHHHHHHHHHHHT-S--HHHHHH---B-PPPEEEEETTEEEEEPPTTSSHHHHHHHHHHHTTS-GGG--HHHHHHHHHHHHHHHHHHHHHH-S-GGG--S-GGGGGSHHHHHHHHHT--TT-PPP-----STT-
24,233,SSETIKKTKKKKRVYYNKVEFDETEFEIGDDVYVKRREDSNSDEEEDPEIEDCQICFKSDTNIMIECDDCLGGFHLKCLKPPLKEVPEGDWICQFCEVKKSGQSQTLDLPKPPEGKKLARTMREKLLSGDLWAARIDKLWKEVDDGVYWIRARWYMIPEETVSGRQPHNLKRELYLTNDFADIEMECILRHCSVKCPKEFSKASNDGDDVFLCEYEYDVHWRSFKRLAELADG,-------PPPPPEEEESEEEETTEEEETT-EEEEES-TT---TT----SSPPPTTT----SS-EEE-TTT--EEETTTSSSPPSSPPSS----HHHHHHHHT-SS--PPPPPPTTPPPP--HHHHHHTTSEEEEEEEEEEEETTT--EEEEEEEEE-GGGSTT---TTS-TTB-EEEEEEEEEEGGGEEEEEEEE-HHHHTT-TTS-SSEEE--EEEETTTTEEEEHHHHH--
25,463,GSLGKRPDAVSQAVSSLQGLSPEQADLVAKLKNGHLSERVLAANKLRFAVVDFPLNPVHAIWHAAKDMIHPENPDNARQASWELLIECVKYPNSTELERSEYFHTLTGPAHSKDFCYQLVALEQLTNHGRNIAGFYYEMFPLLTLWLNQAYRAARDARKLALARGATKNSSKGKAPASPEDKNLSQLFALVKDVIKFNFKFATDDVIAGLIDMLLKICMLTSVEDDLRACIHVIESLVTFGSIPTNKLKYCIQVLSSIHCLVPSLQKEAWHTISIICRSHHGQSTVRILLDFLRSYSPNPDKNREKDTVRDVRGALSVLQKLLRKTAEKGYPQVPLSLLVGGLANVSKSSSTRVATEILRLINSLFHGREGNINPILVEEHWEPIFDVAAQCATKAVTLPPADASASPLPTVAKEEPVVEDNVSLQLKHLILRVENLIVHQGPELLQRDDCMKFLIRVQHALP,----PPPPHHHHHHHTTTT--HHHHHHHHHHHHS-HHHHHHHHHHHHHHHHH-TTS-HHHHHHHHGGGGSTTS-HHHHHHHHHHHHHHTT-TT--HHHHHHHHHHHHSS--GGGHHHHHHHHHHHTTTTT--TT-TTTHHHHHHHHHHHHHHHHHHHHHHHHHTT--S--TTSPPPPPHHHHHHHHHHHHHHHHHHHHGGG--HHHHHHHHHHHHHHHHH---HHHHHHHHHHHHHHHHHS---HHHHHHHHHHHHHHHHH-GGGHHHHHHHHHHHHHSTTHHHHHHHHHHHHHT----SSHHHHHHHHHHHHHHHHHHHHHTT--GGGTPPP--HHHHHHHHHHHTTSS-HHHHHHHHHHHHHHS--GGGPPPGGGTTS--HHHHHHHHHHHTTS--PPP--S-----------------HHHHHHHHHHHHHHHHHHHHGGG-TTHHHHHHHHHHTGGG--
26,398,MLPRKNLFSFTSKDPSAFGIHLAAAAREHSVYFDEGLGVPVVLRGADVVAVLRDSETFSTRTYDTGIMKGALVTLGGEAHTRMRRLFNAVLSPRVISRYEEATVTPVARRVVERLVRKERAELFDDFAISMPMGVTSALFGLPEERIAENDALIRKMIRSVVMPQDPVVVAEGRSAHAAMEAQLREIAEREVAHPSDTLLGEIARAIVAEGLGGVEACEGVVLTLILGSYETTSWMLANLLVALLAHPDAMNQLRQQPSLLPQAIEESTRWCSSAAGIVRFVEREATIGGETLAAGTILYLSLIARHYDEEIYPRPETFDIHRRPVGMLNFGGGLHYCVGAPLARMEARVGVSLLLERFPALRADPTVQPTFSTAPRGAAAFGPDQIPALLVHHHHHH,---EE--SS-EESSTTHHHHHHHHHHHH-SEEEETTTTEEEE--HHHHHHHHH-TTTEE-GGG-SGGGTT-GGG--HHHHHHHHHHHHHHHSHHHHTTHIIIIIHHHHHHHHHTTTT-SEEEHIIIIIIHHHHHHHHHHHT--GGGHHHHHHHHHHHHHHHH-TT-HHHHHHHHHHHHHHHHHHHHHHHHHHHS--SSHHHHHHHHHHHTT--SHHHHHHHHHHHHHHHHHHHHHHHHHHHHHHHH-HHHHHHHHH-GGGHHHHHHHHHHHT-S--EEEEEESS-EEETTEEE-TT-EEEEESSGGGG-TTTSSSTTS--TTPPP-S--TT--GGG--TTHHHHHHHHHHHHHHHHHH-TT-EE-TT----EEESGGG-SSEEES--EEE--------
27,120,MSQTETSHSGYIDFKKESQPSVFQCKKCFQIVGDSNAWVISHREYLSFTLSDAVENSVRVEDTFKRSDDGLCVYSELSCTRCNEVIGKVYNSTPIYLDDIRDMYTFSMDKLQAYQLGNKT,-----------------PPPEEEEETTT--EEEEGGGEEEEETTTTEEEES---TTTEEEEEEEEE-TTSS-EEEEEEETTT--EEEEEEEE--GGGGGGBTSEEEETTTEEEEETT---
28,92,SNALTRQAQHAPLVDRLSALQNILSETPGIRLRALSWDAAGNRLQLDIAAVSSRALEQFTQRAQPRFRVRPGDMITKPDGIEGQLTLEENDG,-----------THHHHHHHHHHHHHHSTTEEEEEEEEETTTTEEEEEEEESSHHHHHHHHHHHTTTEEEEEEEEEEETTEEEEEEEEEE---
29,188,MLNKKLDKKDKDAYPVESEIINLTINGVARGNHFNFVNGTLQTRNYGKVYVAGQGTSDSELVKKKGDIILTSLLGDGDHTLNVNKAESKELELYARVYNNTKRDITVDSVSLSPGLNATGREFSANKFVLYFKPTVLKKNRINTLVFGATFDEDIDDTNRHYLLSMRFSPGNDLFKVGEKLEHHHHHH,----PPPHHHHHTSPPGGG-EEEEEEEEEETTEEEEPPEEEE-SSS-EEEEPPTT--HHHHTTS-SSEEEEEE---STTS----TTSSSEEEEEEEEEE-SSS-EEEEEEEEEE-B-TTSSSB----EEEEE--EEE-TTEEEEEEEEEEESS---TTT-EEEEEEEEEESS----SS----------
30,249,MRGSHHHHHHIAESKLDQILSSGELKVGTTGDWDPMAMKDPATNKYKGFDIDVMQELAKDMGVKITFVPTEWKTIVSGITAGRYDISTSVTKTPKRAEVAGFTDSYYKYGTVPLVLKKNLKKYSTWKSLNNKDVTIATTLGTSQEEKAKEFFPLSKLQSVESPARDFQEVLAGRADGNITSSTEANKLVVKYPQLAIVPDGEKNPAFLAMMVSKNDQVWNDYVNEWIKSKKSSGFFNKLLAKYNLKSLL,----SS--SSSPPPHHHHHHHHTEEEEEE-SEETTTEEE-TTT--EESHHHHHHHHHHHHHT-EEEEEE--TTTHHHHHHTTSSSEESEEE--HHHHTTSEEPPPSEEEEEEEEEEGGGTTTS-STGGGSSTT-EEEEETTSHHHHHHHHH-TTSEEEEE-TTS-HHHHHHTTSSSEEEEEHHHHHHHHHH-TTEEE-SS--EEEEEEEEEE-TT-HHHHHHHHHHHHHHHHTTHHHHHHHHTT-----
31,109,SNATTSSSDSEVIENVPVKVYYDKTNLYISGIPETVTVTLSGPRSIVQSAKAQQDFTVYADLKNASIGTQEVKLQVKDVSDRLKVKVNPATVNVNVQEKVTKKFSVDVE,--------EEEEEEEEEEEEES-TTTEEEES--SEEEEEEEE-HHHHHHHHHH---EEEEE-TTPPSEEEEEE-EEESS-TTSEEEEESSEEEEEEEESS---------
32,402,SNAMKLKEISTLLLLFSAMGYRVPARANAGPHLTFTDSIPGVRKVEDVVIYRNEKFHAAFPSVIKKKNGEIVLAFRRAPDRKVFGEKGTNHVDPNSYLVSVKSKDGKTWTPEPELIYSHPFGGSQDPCLLQLKDGTILCASYGWAFLRPDGMENLKKPYFLAGGAVFLGGYVLRSTDGGKSWQGPLYPPHIEPEINYTAMGEKLPAYNRGAMYEGKNGRILWVVAATDRQSPNKTSNHLLISDDKGLTWKYSAPVAVDEKVSFNEASVYETPKGDVVAFLRTAGLGDQACIARSVDGGKTFTAWEKMGFQGHPMHALRLPDNRVLLSYGYRHKPLGIRARILNAECTDFATAPEIVLRTDGGTTDLGYPWAVQLDKNRVLVSYYFNVPGGPQHIAGSILEIR,------PPP--SS------------------------SBTTEEEEEEEEEE--TTEEEEEEEEEE-TTS-EEEEEEEEE-GGGGT-S---S--TT-EEEEEEESSSSSB-SSPEEEE--TTSEEEEEEEEE-TTS-EEEEEEEEE---HHHHHTPPSS--EETTEEEEEEEEEEESSSSSS-EEEEPPPP-TT---B-TTSSBPPPB-SS--EE-TTS-EEEEEEEEEEETTEEEEEEEEEESSSSSS-EEEEEEE--SS-EEEEEEEEE-TTS-EEEEEEEESSTTEEEEEEESSSSS--PPPEEEEEE--SEEEEE-TTS-EEEEEEE-SSSPEEEEEEE-TTS--TTTSPEEEEE---SSSS-EEEEEEE-SSSEEEEEEEE--TTPPPEEEEEEEEE-
33,375,SAPILQSLLSCSRAAATDPGLAAAELASVRAAATDAGDPSERLAFYFADALSRRLACGTGAPPSAEPDARFASDELTLCYKTLNDACPYSKFAHLTANQAILEATGAATKIHIVDFGIVQGIQWAALLQALATRPEGKPTRIRITGVPSPLLGPQPAASLAATNTRLRDFAKLLGVDFEFVPLLRPVHELNKSDFLVEPDEAVAVNFMLQLYHLLGDSDELVRRVLRLAKSLSPAVVTLGEYEVSLNRAGFVDRFANALSYYRSLFESLDVAMTRDSPERVRVERWMFGERIQRAVGPEEGADRTERMAGSSEWQTLMEWCGFEPVPLSNYARSQADLLLWNYDSKYKYSLVELPPAFLSLAWEKRPLLTVSAWR,-HHHHHHHHHHHHHHHH-HHHHHHHHHHHHHH--TTS-HHHHHHHHHHHHHHHHHHHTTTPPPPPPPPHHHHHHHHHHHHHHHHHH-SHHHHHHHHHHHHHHHHHTT-SEEEEEEEEESS-HHHHHHHHHHHH-TT---SEEEEEEEEPGGGTT-THHHHHHHHHHHHHHHHHTT-EEEEEE--S-GGG--GGGG---TT-EEEEEEES-GGGG--SSSHHHHHHHHHHHHT--SEEEEEEES---SS--HHHHHHHHHHHHHHHHHHHHHHS-TT-HHHHHHIIIIIIHHHHHHHSS--GGG-------HHHHHHHHHHTT--EEPPPHHHHHHHHHHHTTS-TT--EEEEEETTTEEEEEETTEEEEEEEEE-
34,303,MLFAPTIKAQADTVPLPAPIIEAFPVEAIAEAIAGELDKDSVNDTITQADLDTMTAIPLPSLGLTGEDLSVLNNEVFTNAIELAIWSNNIGELPDLSEALPALENIEANGANITVFPDANYPNLTNVDLSQNNFGFNIPKFVGMEGLVSINMENAGLSGYIAEDIWMNMPNLDSLILNENHLISIPEDIFLSQQLGTHSFANQTATYPPTTIKQGENLKVFVPFIYQALDFIAPSNHDLIIIKDNGRTLYEPPYPTYDGSYMYTIETAGLQPGEHLLEISLGYNSGEYTGWYDFPVTITESNA,-PPPPP-PPPP---PSSEEHHHHS--HHHHHHHHHHTT-S-TTSEE-HHHHTT-SEEE-TTS---HHHHGGGGGS--TT--EEE-TTS--EEPP--TTT-TT--EEE-TTS-EEE------TT--EEE-TT---BT-----TT-TT--EEE-TT--BEE---TTTTTT-TT--EEE--SSEESS--HHHHHTT--SEEEEEEEEEEPPPEEEETTPPEEEE-THHHHGGGTS-TT-TTSEEEEETTEEEE-PPPPPP-S--EEEE--TTSPSEEEEEEEEE-TTTSSEEEEEEEEEEEEP---
35,90,GPGSAEKKVEAKVEVAENNVSSVARREKELYDQIADLTDKNGEYLERIGELEERQKNLEKLEHQSQVAADKHYQEQAKKHQEYKQEQEER,-HHHHHHHHHHHHHHHHHHHHHHHHHHHHHHHHHHHHHHHHHHHHHHHHHHHHHHHHHHHHHHHHHHHHHHHHHHHHHHHHHHHHHHHT-
36,298,MSRSSATLIGFTAILLWSTLALATSSTGAVPPFLLTALTFTIGGAVGIAAGLARGVGLSVLRQPWPVWVHGIGGLFGYHFFYFSALKLAPPAEAGLVAYLWPLLIVLFSAFLPGERLRPAHVAGALMGLAGTVVLLGARAGGFGFAPEYVPGYLAAAACAVIWSVYSVASRRFARVPTEVVAGFCLATAALSALCHILFEPSVWPVGSEWLAVVALGIGPVGIAFYTWDIGMKRGDVRLLGVLSYAAPVLSTLLLVVAGFAAPSGALAIACALIVGGAAVATLLARRLESSGENLYFQ,--HHHHHHHHHHHHHHHHTHHHHHHTSTT--HHHHHHHHHHHHHHHHHHHHHHTT--GGGG---HHHHHHHHHHHHHHHHHHHHHHHHS-HHHHHHHHTTHHHHHHHHGGGSTT----HHHHHHHHHHHHHHHHHHHHHHTS----GGGHHHHHHHHHHHHHHHHHHHHGGGGTTS-GGGHHHHHHHHHHHHHHHHHHHS------TTHHHHHHHHHHIIIIIHHHHHHHHHHHS-HHHHHHHTTHHHHHHHHHHHHTTSS---HHHHHHHHHHHHHHHIIIIIHHHHHHHHHHTS--
37,329,MELHILEHRVRVLSVARPGLWLYTHPLIKLLFLPRRSRCKFFSLTETPEDYTLMVDEEGFKELPPSEFLQVAEATWLVLNVSSHSGAAVQAAGVTKIARSVIAPLAEHHVSVLMLSTYQTDFILVREQDLSVVIHTLAQEFDIYREVGGEPVPVTRDDSSNGFPRTQHGPSPTVHPIQSPQNRFCVLTLDPETLPAIATTLIDVLFYSHSTPKEAASSSPEPSSITFFAFSLIEGYISIVMDAETQKKFPSDLLLTSSSGELWRMVRIGGQPLGFDECGIVAQIAGPLAAADISAYYISTFNFDHALVPEDGIGSVIEVLQRRQEGLAS,-EEEEEEEEEEEEEEEGGGGGGGHHHHHHHHH-GGG----EEEEEE-SSEEEEEEEHHHHTTS---TTEEE-SS-EEEEEEE-TT-S---THHHHHHIIIIIHHHHHTT--EEEEE-SS-EEEEEEGGGHHHHHHHHTTTSEEEEEETTEEEE---------------PSPPP-PPEE-----EEEEEE-GGGHHHHHHHHHIIIIITTT-SSGGGSS---TT----EEEEEETTEEEEEEEHHHHTTSPTTSSB-SSTT--EEEEEEE-PPTTSPPTTHHHHHHHHHHHTT---EEEE-SSEEEEEEEGGGHHHHHHHHHHHHHHHH-
38,364,SNAMAVKDALRFPPTDVTPIFDLFRGNFATELLAASVAHLHVFDILNESPLSLDELQRRLVLSERATQVLVTGLCAMQLLTKRLAGEIDLTPLARNHLVTTSPFSVGGYISLAAQSAGTLALVERLKSDRPEGAESEQGAAFIFREGSESAMDREDSARFLTLSLAGRAWNVAPRFADVLPAGQPGKILKDNSGSSGRVLLDVAGGSGIYTMAVLQKYPTWRGIIFDRPEVLKIAAELAEQTGVRDRLELHAGDMWVDPFPPADDILLSNVLHDWDRPQCARLVAKATSGLPEGGRLLIHDVLLNSDLTGPLEIALYSLALFSLTEGRAYSLEEYRGWIAGADLKYVDCIPTSAHGHLILSEKV,---PPPP-TT---SS--HHHHHHHHTHHHHHHHHHHHHTS-HHHHHHH--B-HHHHHHHHT--HHHHHHHHHHHHHTTSEEE-TTS-EEE-HHHHHHTSTTSTT--HHHHGGGTTSHHHHHHHHHHHH---TTTTSTT--TT---TTS--GGGSHHHHHHHHHHHHHHHHHHHHHHHHH----SPPSHHHHHHS-S--EEEEET-TT-HHHHHHHHH-TT-EEEEEE-HHHHHHHHHHHHHTT-GGGEEEEE--TTTSPPPP-SEEEEES-GGGS-HHHHHHHHHHHHTTPPTT-EEEEEEEEE-TTS---HHHHHHHHHHHHHSS---EEHHHHHHHHHHTTEEEEEEEE-STTEEEEEEEE-
39,218,SNAHGVDTQVFYPAENRQQQWQDKKIPGKYGIGIFGRIRKTKGTQEFIEAAIVTLKKYPDWTAVVIGEATPRDLDFKKELEQKVKQAGLDKQIIFIGFIADSNEIPSWYRALDIVVCASHKEGFGLPALEAMASKCAVIATKAGAWPEIIVDDENGYLVEPKSSQQIADKLDMLISDSKLRYKIAQNGYDLVTTKYKIQNEAEGIQQVYDRLLAKKRS,--PPPB-TTTS---SSHHHHHHHTT-SSSEEEEEES--SGGGTHHHHHHHHHHHHTT-TTEEEEEESPPPGGGHHHHHHHHHHHHHTT-TTTEEEEE--S-GGGHHHHHHH-SEEEE--SS-SS-HHHHHHHHTT-EEEEES-TTHHHH--BTTTBEEE-TT-HHHHHHHHHHHHH-HHHHHHHHHHHHHHHHHH-BHHHHHHHHHHHHHHHHHHHH-
40,277,SNAMARVALLADRLRVEERLLIEAFAARGHEAVLVQPAKLALSPAAPSAGDFVAALDRGEATAERAVLAALLASGGTPVVNRAATARLLADRMALLRHLILADIPVPETRVCFGEEAIFAAIAEIGYPVVLKSLTVDPGFPVALVEDQDAAEAIVEHRIMLGGERAVLVQQFIPARAGQSVRLVVAGRSLAGIEQRTHGGWRPGRDATYEAYTGDPAPLTALAERIIERLGTGTYAVEVVETGDGPVVVGVANLVDFRSLSGRGVDVAGMIADFVLG,--PPEEEEEE-SS--HHHHHHHHHHHTTTEEEEEE-GGG----TTS--SSS-SEEEE-S---HHHHHHHHHHHHTT--EESPHHHHHHHHBHHHHHHHHHTTT-----EEEE-SHHHHHHHHHHH-SSEEEEESB--TTS--EEE-SHHHHHHHHHHHHHTT----EEEEE--PPGGGEEEEEEEEETEEEEEEEEE-SSSS--TTPPPEE--S--HHHHHHHHHHHHHH-SEEEEEEEEE-SS-EEEEEEEE----HHHHHTT--HHHHHHHHHH-
41,335,MGSSHHHHHSSGLVPRGSHMADVTGAGASFIYPVMSKWSADYNAATKKQVNYQSIGSGGGIAQIKAASVDFGSSDAPLKPEELAAAGLAQFPSVIGGVVPVVNVPGIAAGTLKLDGKTLGDIFLGKVSTWNDPAIAALNPGVKLPEGKITVVHRSDGSGTSFNFTNYLSKVNPDWKGKVGEGTAVQWPTGIGGKGNEGVAAYVKQIKGGIGYVELSYALQNKMAYTAMKNAAGKFVQPSDETFAAAANSADWGTAKDFYLVMTNAAGDNAWPITATNFILVQKKPKNPAGLKNTLEFFRWVYTKGDAQAKQLDYVPLPDTLVTQIEAYWAKNLPH,---------------------SEEEEE-STTHHHHHHHHHHHHHHHS--EEEEE--HHHHHHHHHHTSSSEEEESSPPPHHHHHHHTEEEEEEEEEEEEEEE--TT--TTTSEE-HHHHHHHHTTSS-BTT-HHHHHHSTT--PPP-B-EEEEESS--HHHHHHHHHHHHH-HHHHHHT--SSS---SS-EEESHHHHHHHHHHHSTTEEEEEEHHHHHHTT-EE-EEE-TTS-EE--SHHHHHHHHTT--TTT-GGG----TT--STT--TTEEEEEEEEESS-S-HHHHHHHHHHHHHHHHH-HHHHHHTT-BPPPHHHHHHHHHHHHHHS--
42,427,MNDRRTFLKQAGILAAGLPLLSAAQSLRAEGVPSDAGNKWKALRQQFDLDPQYLHFANFLLTSHPRPVREAIERLRVRFDRNPGEAVDWHREEIWKYEDEARAWAGRYFAVQPGQVALTGSTTDGLAAIYGGLLVQPGKEILTSSHEHYSTYTTLEYRHKRMGTQVREFPLFKDPHRVSADEILSSIAAQIRPQTRVLGMTWVQSGSGVKLPIREIGKLVRELNQKRDEQDRIIYVVDGVHGFGVEDVSFADFDCDYFIAGTHKWLFGPRGTGVIIARSEQLQEHLVPSIPTFSRADNFGTLMTPGGYHAFEHRLALGTAFELHLQLGKAEVQARIHQLNAYLKQRLGEHPKVRLVTPTSPELSSGFTFFRVEGRDCEAVAKHLMAHRVISDAVDRDVGPVVRLAPSLLNDEAEIDRVLEILAPQLA,-----------------------------PPPPPSS--HHHHHHTT----TTSEE--TTSSPPPPHHHHHHHHHHHHHHHH-HHIIIIITHHHHHHHHHHHHHHHHHHHT--GGGEEEESSHHHHHHHHHHHB---TT-EEEEETT--HHHHHHHHHHHHHH--EEEEE-S-S-GGG--HHHHHHHHHHH--TTEEEEEEESB-TTT-BB--HHHHHHHHHHHHTTS-TTTSPEEEEE-TTTTTTS---GGGG--SEEEEESSSTT-PPTT-EEEEES-SSPPTTB--SS--SS--SSHHHHTS--S---HHHHTTTHHHHHHHHHH-HHHHHHHHHHHHHHHHHHHHTSTTEEE-S-SSGGGB-S-EEEEETTS-HHHHHHHHHHTTEE-EEEESSSSEEEEE---TT--HHHHHHHHHHHHHHH-
43,77,SYFYKQQDLQIHTDHLINQGIHMSKLFRSSTKARIARAKKVSQMIEQHFKHVAGAEERKAKEEERHKKSLAHHHHHH,-HHHHHHHHHHHHHHHHHHTHHHHHHHHHHHHHHHHHHHHHHHHHHHHHHHHHHHHHHHHHHHHHHHHHHHHHHHH-
44,43,GSRYWHDMASRIKNAYRNYKAFQFECSNRIKNAFRNYKLYRQR,-HHHHHHHHHHHHHHHHHHHHHHHHHHHHHHHHHHHHHHHH--
45,422,RRRRRSLDASSDSLSGSDMEVDSDGESIDAPLPLDSFLRDANSFKVAAEDSARSAKRRKLRPETIDIQRTRDIPDTHKAAISSLAFHPRYPILLSSSTSSIMYLHKLDASAYPTPNPLLTSVHVKRTDLRRAAFVGPDGGEIIFAGRRRYFHCWNLSSGLVKKVSKIQGHQKEQRTMERFRVSPCGRYMALVASDKKGGGMLNIINVGTMQWIAQARIDGRHGVADFAWWSDGNGLTIAGRDGQVTEWSMITRRTVGIWRDEGSIGGTVMALGGRNGPAELGGDRWVAIGSNSGILNVYDRNDLIEKPPKKNESNQEEQNSSEKTKEIRIKKYPTPTRVFEQLTTSISVVAFSPDGQLLAFGSQHKKDALRLVHLPSCTVYRNWPTEQTPLGRVTAIAFSSKSDVLAVGNDVGRVRLWEIRG,---------------------------BPPPPP-HHHHHHHHHHHHHHHHHHTTSPPPPPPSS---EEE-PPPSPPPSS-EEEEEE-SSSSEEEEEETTSEEEEEE--TT-SSSSS-EEEEEEBTT--EEEEEE-TTT--EEEEEESSS-EEEEETTT--EEEE---TT-TTT-S--SSEEE-TTSSEEEEEEE-TT--EEEEEEETTT--EEEEEEE--TT-EEEEEE-TTSSEEEEEETTSEEEEEETTTTEEEEEEE-TT-SSEEEEEEE-SS--GGGTT--EEEEEETTS-EEEEEGGGTBPPPPP--TT-------------PPBPSSPPPSEEE---SS---EEEE-TTSSEEEEE-SSSTT-EEEEETTTTEEPSSSS-TT----SEEEEEE-TTS-EEEEEETTS-EEEEEE--
46,102,HSFLVDASPSAKDHVAASPKLVKLRFGGGVEPAYSSISILDSTGKLVVEGAKGQADKPRELTLDAPELAVGSYVVKFRVLSSDGHIVEGKYEFTVDPHENLY,---EEEEESPTT-EESS--SEEEEEESS-B-GGG-EEEEEETT--EEEEE-EEETTEEEEEEEE--PPPSEEEEEEEEEEBTTS-EEEEEEEEEE-TTTT--
47,335,MKESPKVVLLLTHSGDFFTIDRVAEAIEKKGATPFRLDTDKFPLEVQLTAQFNGKKSFYQLSYNHQSIDSEQVQSVWTRRIWQPELTGDLDPQFREVCVRESQTTLAGFWDSLRSARWLDNLAQIEKAKNKLLQLRLASEVGLIIPPTLVTNNPDAAREFFSQVQGRMVSKLLTAIARSMESPEFFLYTSRVKAEDLEEAESLRYCPMVFQAEIPKQLELRVVVVNGQTFVGALESSQYNNSAVDWRRPGIDPGAWQHHTLPDSLLQQLQIFMANLGLNFGAFDFILTPGGEYVFLEVNPGGEWGMLERDLDLPISQAIADFLVFGAAAHHHHHH,-PPPPPEEEEEE-TT--SHHHHHHHHHHHTT-EEEEEEGGGTTTT-EEEEEEETTEEEEEEEETTEEEEGGGEEEEEES--------S---HHHHHHHHHHHHHHHHHHHHHTTTSEEES-HHHHHHHT-HHHHHHHHHHTT-B---EEEES-HHHHHHHHHHTTT-EEEE-SSPPPTT---TTS--S-EEPPHHHHHTGGGGGTS-EEEEEPPP-SEEEEEEEETTEEEEEEEEHHHHHHS---TTSTTPPTT--EE----HHHHHHHHHHHHHHT-SEEEEEEEE-TTS-EEEEEEETT---HHHHHHH---HHHHHHHHHHH-SPP------
48,475,GENGESVVVLDKYGYPILYAPEEIGEEKEYSKYEDVVIEWNPSVTPVQIEKNYEVKFDVRQVKLRPPKVKNGSGKEGEIIVEAYASLFKSRLSKLKRILRENPEISNVVDIGKLNYVSGDEEVTIIGLVNSKRETNRGLIFEVEDKTGIVKVFLPKDSEDYREAFKVLPDAVVAFKGFYSKKGIFFANKFYLPDVPLYRKQKPPLEEKVYAILISDIHVGSREFCEKAFLKFLEWLNGHVESKEEEEIVSRVKYLIIAGDVVDGIGIYPGQYSDLVIPDIFDQYEALANLLANVPEHITMFIGPGNHDAARPAIPQPEFYKEYAKPIYKLKNAIIISNPAVIRLHGRDFLIAHGRGIEDVVSFVPGLTHHKPGLPMVELLKMRHLAPTFGGKVPIAPDPEDLLVIEEVPDLVQMGHVHVYDAVVYRGVQLVNSATWQAQTEFQKMVNIVPTPAKVPVVDVESARVVKVLDFSGWC,-TT-PPPEEE-TTS-EEEE-HHHH-SPPP---STT------TTSPPP-----EEEEEEGGGS-PPPP--SSTT--HHHHHHHHHHHHHHHHHHHHHHHHTTSTT--SB--GGGGGGS-TT--EEEEEEEEEEEEETTEEEEEEE-SS-EEEEEEETT-TTHHHHHHPPTT-EEEEEEEEETTTEEEEEEEE-----S--PPPPPPSS--EEEEE----BTBTTB-HHHHHHHHHHHTT--SSHHHHHHHHTEEEEEEES--B--SSSSTTGGGGBSS-BHHHHHHHHHHHHTTS-TTSEEEEE--SSSSB-SSBSB-SB-TTTSTTGGG-TTEEE--BSEEEEETTEEEEE---THHHHHHHHSTT--TTSTHHHHHHHHHHTBS---TTSSS-B---SS-TTB--S--SEEEE-SS---EEEEETTEEEEE--BSBPPPHHHHHTT----BTEEEEEETTTTEEEEEEE-GGG-
49,122,GSAFSNQTYPTIEPKPFLYVVGRKKMMDAQYKCYDRMQQLPAYQGEGPYCNRTWDGWLCWDDTPAGVLSYQFCPDYFPDFDPSEKVTKYCDEKGVWFKHPENNRTWSNYTMCNAFTPEKLKN,------------PPPPHHHHHHHHHHHHHHHHHHHHHHHSPPP-SSS-EEPPEE-SS-EE--EETT-EEEEEPPSSSTT--TTSEEEEEBPTTS-B-B-TTT--B--B-THHHHTHHHHTT-
50,148,MRVLILALGNELMKDDGAGLKAGRILAEKGYNVLEVGTDIFRLANHYNGEERIVIIDAILSDKLKPGEVVHFSGEEIFEKLKAEIRSAHFMGAIDGLKLLMALDERLKRAEIHFIGIVAKEIDLGMELSDEVKAGVQKAVEIAEKLAK,--EEEEEE--TTBGGGGHHHHHHHHHHHTT--EEEEET-GGGGGGT----SEEEEEEEEB-SSS-TT-EEEEETHHHHHHHHHT-B-TTHHHHHHHHHHHHHH-HHHHTSEEEEEEEE-S--SSBSPPPHHHHHHHHHHHHHHHHHT-
51,213,MKFAEHLSAHITPEWRKQYIQYEAFKDMLYSAQDQAPSVEVTDEDTVKRYFAKFEEKFFQTCEKELAKINTFYSEKLAEAQRRFATLQNELQSSLDAQKESTGVTTLRQRRKPVFHLSHEERVQHRNIKDLKLAFSEFYLSLILLQNYQNLNFTGFRKILKKHDKILETSRGADWRVAHVEVAPFYTCKKINQLISETEAVVTNELEHHHHHH,--HHHHHHHHS-GGGGGGS--HHHHHHHHHHHHHTPPPTTTS-HHHHHHHHHHHHHHHHHHHHHHHHHHHHHHHHHHHHHHHHHHHHHHHHHHHHHHHHHHHHHHGGG-----GGG--HHHHHHHHHHHHHHHHHHHHHHHHHHHHHHHHHHHHHHHHHHHHHHHHHT-SHHHHHIIIIITT-HHHH--HHHHHHHHHHHHIIIIIIGGGT--
52,192,MKFGKNLPRNQVPEWAGSYINYKGLKKLVKAAAESAKDGQPVDLAEFFFALDRNLEDVDSFYNKKFADACRRLKVLQDRYGTTPEVVVNLDDDEAEELMGALLELRSQLRKLQWFGEINRRGFIKITKKLDKKVPNTTTQHRYISTKVDPKPFAKDTTVARILTEINRWISVLGDARNVEDNRSLEHHHHHH,-HHHHHGGGGS-GGGGGGS--HHHHHHHHHHHHHHHHTT-----HHHHHHHHHHHHHHHHHHHHHHHHHHHHHHHHHHHH-SSGGGGGG--HHHHHHHHHHHHHHHHHHHHHHHHHHHHHHHHHHHHHHHHHHSTT---HHHHIIIIITTSHHHH--HHHHHHHHHHHHHHHHHHHHHHHHHHHHHHHHHT-
53,262,YDNSDDTDYTVNDRSSPGSPFPIETETISSITDTLSDKQKLKYDSSVNIENLNDESDSQKSADVHFDSILAKSLLATTPKEDEFNKTLSTINLEVANKLTSSEYINDSEMQLIDDPVFYPPYEIIEKNHQLVGRSLSKAVLDNFFLLSSLSDNVRCRCCGIKHLPAHCPLSIVPLEICFLCGTPHFSGRDTCPMLRNKEAIYRLKDSLSKSREPFHIKKQAMARLNSFLQKKEEPTVSSSAKTNELSSKVIIKESIINEAKT,--------------PPPPPSS------HHHHHHTTTT-------------------SSHHHHHHHHHHHHHHHHHHSPPPHHHHHHHHHHHHHHHHHHHHTT----HHHHHHHHS-------------------PPPHHHHHHHHHHHHH-TT---TTTSS---TT--HHHHS--PBPTTTSSB--SSTT-SHHHH-HHHHHHHHHHHHH--S-HHHHHHHHHHHHHHHHTT-S----TTSSSHHHHHHHHHHHHHHHTT--
54,155,MASMTGGQQMGPFLTPDNIASSILYSTASFSRSKPDRPRLNLSLELKLMQNELNKGQLKKQFKGDLRNLADWNNLSLVSSKFPSLPITNLRPDGSFLKHRRFNEEIAYNRQTLEKAIKQLDLSPDKVIQLREQNGVAVNGRVCYPTRNKHSEISA,---------------HHHHHHHHHHHHS-GGG-BTTB----HHHHHHHHHTT--HHHHHHH--S-HHHH--HHHHHHHHHH-TT--GGGB-TTS-EE--TTHHHHHHHHHHHHHHHHHHS---HHHHHHHHHHT-EEEETTEEEEPP-GGGGS--
55,548,MASMTGGQQMGMPAITCVWSDGRSDTWPNVNGHSRTRSVPSLKPLPHQDSKNLLYRQICGRLLAQHVFGGAGSTQPILNQLCKRLSTGNPNNTNASTVVTAPEKNVVSARHVRPNPKSSKDTLEKQPKYSSQIYLTDSFENYYLASLPTNYQLYQRDSNRENGNGKREFWLYGHPSGRPFRSVNDFLHHLYWLISDLTRNESTCCCVLCSGNMTRVRKNLQKENERMFHECKDDTYTWPSSYRLGEVVWIDINNELIPAIIVARNLINYESNQMDAVKLISDTFVEPYQYHCKQLGNSRYYFDMAAADIEPWSRHPLDLQKQEHLVAHSICQTWNLFGIFQPLEGIDMEEPKFHDENYSIPLTVLPTFGGESNSLDDHFYGIFRGAEKLWINDLCVISTSSLPSVLQKTSFMYISDIYVNEDDIVCFQGSLWTQIDKNALDYNDSADNIDEHKDDLKELPRRLQMVSKLSNTYFRCLHDKSVEYVCPFADVLGRWYEPWFVKGDLNYTSEVKERTSSRLSAVGSENWVDDDFYEYLLSEIDMVSAVVM,----------PPPEE--------GGGS--TT---SSS-PPEEEE--TTSHHHHHHHHHHHHHHHHHHH--S---HHHHHHHHHHHHT--TT--------PPP-----------PPPPP------------------GGGTT-EESSPPTT-EEEEEE---TTS-PPEEEEEE--TTSPPB-SHHHHHHHHHHHHH-TT--GGG--STTTSGGGHHHHHHHHHHHHHHHHHHHHHHTSS--SS-TT-EEEEEETTEEEEEEEEEEEE----S-HHHHHHHHHHH---SEEEEEEETTS--EEEEEEGGGEEEGGGS---TTSHHHHHHHHHHTEEEEEEEE----S---------BTTB---------------STT-EEEEEEETTEEEETT-EEEE--TTS-GGGTT--EEEEEEEEE-TTS-EEEEEEEEEEEPGGGS-TT--TTHHHHHHHHHHHS-HHHHHHHHHH--EEEESS-TT--EEEEGGGEEEE---TTT--S---------EE-S-HHHHH-GGGS--HHHHHHHHHHSSS--EEE-
56,88,SSLLSRLTQSNQSKDKIIAALAKRNVYKSFAGLYDSKGKNDNTGYDFDSNYARVGRHGSFILPVSKSVPTPSLLIEGSIVQRKNIKIE,--HHHHHHHHHHHHHHHHHHHHHHHHHHHHHHHHGGGS----------TTS--TTS---------S-----EEEETTEEEEPP-----
57,657,TNNKPMSGSENTLNNESHEMSQILKKSGLCYDPRMRFHATLSEVDDHPEDPRRVLRVFEAIKKAGYVSNVPSPSDVFLRIPAREATLEELLQVHSQEMYDRVTNTEKMSHEDLANLEKISDSLYYNNESAFCARLACGSAIETCTAVVTGQVKNAFAVVRPPGHHAEPHKPGGFCLFNNVSVTARSMLQRFPDKIKRVLIVDWDIHHGNGTQMAFYDDPNVLYVSLHRYENGRFYPGTNYGCAENCGEGPGLGRTVNIPWSCAGMGDGDYIYAFQRVVMPVAYEFDPDLVIVSCGFDAAAGDHIGQFLLTPAAYAHMTQMLMGLADGKVFISLEGGYNLDSISTSALAVAQSLLGIPPGRLHTTYACPQAVATINHVTKIQSQYWRCMRPKHFDANPKDAHVDRLHDVIRTYQAKKLFEDWKITNMPILRDSVSNVFNNQVLCSSNFFQKDNLLVIVHESPRVLGNGTSETNVLNLNDSLLVDPVSLYVEWAMQQDWGLIDINIPEVVTDGENAPVDILSEVKELCLYVWDNYVELSISKNIFFIGGGKAVHGLVNLASSRNVSDRVKCMVNFLGTEPLVGLKTASEEDLPTWYYRHSLVFVSSSNECWKKAKRAKRRYGRLMQSEHTETSDMMEQHYRAVTQYLLHLLQKARPTSQ,-------SHHHHHHHHHHHHHHHTPPPEEE--GGGGG---S-TT---SS-THHHHHHHHHHHHTTS--SS--TT-SSEEPPP-PPPHHHHTTTS-HHHHHHHHGGGG--HHHHHHHHHTSSS----TTHHHHHHHHHHHHHHHHHHHHTTSSSSEEE--SS--TT--SS--BTTBSS-HHHHHHHHHHHH-TTT-S-EEEEE-SSS--HHHHHHHTT-TTEEEEEEEE-TTTTSTT-SGGGSTT----GGGTT-EEEEEESSS--BHHHHHHHIIIIIHHHHHHH--SEEEEEE--TTBTT-TTT--BB-HHHHHHHHHHHTTSGGG-EEEEE-----HHHHHHHHHHHHHHHHTPPP---S--S--HHHHHHHHHHHHHHTTT-TT-SSPP----TTSTT---HHHHHHHHHHHHHHHHH-EEEPP--TTTS-GGGTTTEEEETTGGG-SEEEEEEEEPPEEE-PBPTTT--B-GGG-EEE-THHHHHHHHHHTT-EEEEEEE-S--B-TT-PBP-HHHHHHHHHHHHIIIIITTS--SEEEEEEETTHHHHHHHHHHHS--TTTEEEEEEEEETSPPP-----S-TTHHHHHHHSEEEEEETTSGGGTSSSPPPGGG--EEEES-SSHHHHHHHHHHHHHHHHHHHHHHHS----
58,134,SNAMDERFNAALHESAHTVIAQVLGFNTATPIIYENSSTNPDEKHWLGKAFIDTTNGNVEDIALVGLAGEAIQYYIEGVDVGDCPFIWECNLEDISLSDQELVKDLYNDVELWEKLYTLFEQHHDSILDLANSI,-HHHHHHHHHHHHHHHHHHHHHHHT-----PPPEE-----TTTTT-EEEEEEEEETTEEEEEEEEEEETTTEEEEEEEE--TTSPPEEEEEEEES-GGGHHHHHHHHT-HHHHHHHHHHHHHHHHHHHHHHHT-
59,222,YKKEIGMMNLEKLIQDREGISSKKFPIEDKELLFRYEQLYTGAVNDVMREFCLLEQALPGRIKPLREYHSVAGFAFTVKSAPNVKIKGEMEYRTQMLDEMQEDHFVVWDTSRDDKATLWGGVMTATAKGKKLKAACIDGGIRDTHQILNADFPVFYEYRISNGSLGRCLITHYQIPIKIGDVTIKSGDIILGDIDGVLVVPREIAYEVLLRSEEIRENEKKI,-HHHHTTS--HHHHHHHHPPP-PPPSS-HHHHHHHHTTS-HHHHHHHHHHTT----BPPTTSEESS----EEEEEEEEEEEE----TTHHHHHHHHHHH--TTEEEEEE-TT-SS-EEE-HHHHHHHHHTT--EEEEEEEE--HHHHHHTT--EEEEEE-S-BSTTTEEEEEESS-EEETTEEE-TT-EEEEETTEEEEE-GGGHHHHHHHHHHHHHHHTT-
60,116,SEFESQPCVSIDLRGNITSWNRAAEQLYQFKEGEVMGRNLVDLIVPPNAKTAALDTIMRVGQGEVWIGQFSCVRRDNAILNTVVTQKPILDDDQKISGISVCTEPYSMPELMARNY,-HHHHS-EEEEETTSBEEEE-HHHHHHH---HHHHTTSBHHHHHS-GGGHHHHHHHHHHHTTT--EEEEEEEE-TTS-EEEEEEEEEEEE-TTS-EEEEEEEEEE--HHHHHHTT-
61,470,ITSFDFWQKFGKALLVVVAVMPAAGLMISIGKLIGMSAGDINAVHTIARVMEDIGWAIITNLHILFAVAIGGSWAKDRAGGAFAALLAFVLTNRITGAIFGVNAEMLADSKAKVSSVLAGDLIVKDYFTSVLGAPALNMGVFVGIITGFLGATLYNKYYNYNKLPQALAFFNGKRFVPFVVIVWSTVTAIVLSLLWPFIQSGLNEFGRWIAASKDSAPIVAPFVYGTLERLLLPFGLHHMLTIPMNYTELGGTYTMLTGSKVGQVVAGQDPLWLAWITDLNNLLANGDTKAYNDLLNNVVPARFKAGQVIGSTAALMGIAFAMFRNVDKEKRAKYKPMFLSAALAVFLTGVTEPIEFMFMFIAPVLYVVYAITTGLAFALADLINLRVHAFGFIELITRTPMMVNAGLTRDLINFVIVSLVFFGLNFTLFNFLIKKFNLPTPGRAGNYIDNEDEASEGTGNVQDGSLATK,---HHHHHHHHHHHHHHHTTHHHHHHHHHHHHHHHHH-TT-HHHHHHHHHHHHHHHHHHHTHHHHHHHHHHHHHTTS-HHHHHHHHHHHHHHHHHHHHHTT--HHHHH-TT-EEEETTTEEEEHHHHEEEETTEEEE--TTHHHHHHHHHHHHHHHHHTT---S-GGGGGGSGGGGHHHHHHHHHHHHHHHHHHHHHHHHHHHHHHHHHHHHHHHHSTTHHHHHHHHHHHHHGGGT-THHHHHHHHHSGGG-EEE--SSTTTT-EEESHHHHHHHHHHHHHHHHHTT-HHHHHHHHHH----TTTHHHHHIIIIIHHHHHHHHHHHS-GGGHHHHHHHHHHHHHHHHHH---HHHHTTTTTT-HHHHHHHHHHHHHHHHHHHHS------SSHHHHHHHHHHHHHTT-HHHHHHHHHHHHHHHHHHHHHHHHHHHHTT---TTBTTB-PPPGGGGSS-------------
62,321,DRLQGIVEPIVARQPLKLGVTVVHLLDNFYKGIAYGIVDEARRSNVEVVQVAVAGAYGNVQQQFAQLQSFKTLGVDYAVLSPAAYSGYDPVVADLARSGIKTISAGIPVNSDKIAFGVLQDDTLIGKVLGKALCDDGAQGKQVIVVPGAAGLEWPRLRYEGFKEVASACGAKLTPAAFRGEMSLADGMAQTQDLLMRTPDAEYVFTPVTFLGIGAVRAARQANRPVKVLTSAMVKENEAMIREGRLLAVASEPGVIMGRLIVQYAIREHEGLPMPPLDKPTRSVPYPHFNVPITVVDKSNVDTHPYAFYDYPPQGWSIETA,-TTTTSS-----SS--EEEEEES-SSSHHHHHHHHHHHHHHHHTT-EEEEEEE--STT-HHHHHHHHHHHHHHT-SEEEE--SSSSS-HHHHHHHHHTT-EEEEEES--S-TT-SEEEE--HHHHHHHHHHHHHHTT-TT-EEEE----TT-HHHHHHHHHHHHHHHHTT-EEPPP---S-SSHHHHHHHHHHHHHH-TTEEEEE-SSHHHHHHHHHHHHHTT---EEEEES--HHHHHHHHTTSEEEEE---HHHHHHHHHHHHHHHHHTPPPPP-BPP-SSS-S-EEEPPP-EE-TTTTTT--HHHHT-PPTT------
63,393,PVELTIATFNEFGYSDLYREYEAAHPNVKITERRAATVDEHIKNLETNLASGSGMADIEAMEVSWIYKYLAKADKFVDLRDHGADELKSRWLDWKVASATTSDGRIIGYGTDIGPEAICYRRDLFARAGLPTDRAEVAKLFPDWTSYFAAGRRFKAKMPNSAWFDSAVLTWEAMRNQLIQAYYSNQDRYLGDENELLKRTWDQIVAATEDGLSAKLPAWSDAWTKAFRTDAFATMACPGWLLGVIADNAGTFGKGKWDVADVFPGGGGNWGGSYLTVPTQSTQPAEAAKLAAWLTAPEQQIKVFKKVGSFPSTVDAYESEQVTAQVNPYFNNAPVGKIFVNRANNVILKQHKGPRDGEINQVFTEALARVDEGKQSSSAAWKQALREADKAAN,-EEEEEEEES---THHHHHHHHHH-TTEEEEEEEESSHHHHHHHHHHHHHHT----SEEEEEHHHHHHHHTTGGGB--GGGGTHHHHGGGB-HHHHHTTB-TT--B-EEE-EE-BEEEEEEHHHHHHTT---SHHHHHTT-SSHHHHHHHHHHHHHH-TTSEEES-HHHHHHHHHTT-SBSSB-TTS-B-GGG-HHHHHHHHHHHHHHHTT-B--PPTTSHHHHHHTTTTSEEEEEEETTHHHHHHHHHHHHHTTTEEEES--TTS--B---EEEE-BTT-S-HHHHHHHHHHHTSHHHHHHHHHHH--EE-BGGGGT-HHHHT--BGGGTTB-HHHHHHHHHHT-----B--TTHHHHHHHHHHHHHHHHTTSS-HHHHHHHHHHHHHHHH-
64,95,SEELRAVADLQRLNIELARKLLEAVARLQELNIDLVRKTSELTDEKTIREEIRKVKEESKRIVEEAEEEIRRAKEESRYIADESRGSLEHHHHHH,-HHHHHHHHHHHHHHHHHHHHHHHHHHHHHHHHHHHHHHHH---HHHHHHHHHHHHHHHHHHHHHHHHHHHHHHHHHHHHHHHHHHHHHHHHH--
65,304,GSVLCSTPTINIPASPFMQKLGFGTGVNVYLMKRSPRGLSHSPWAVKKINPICNDHYRSVYQKRLMDEAKILKSLHHPNIVGYRAFTEANDGSLCLAMEYGGEKSLNDLIEERYKASQDPFPAAIILKVALNMARGLKYLHQEKKLLHGDIKSSNVVIKGDFETIKICDVGVSLPLDENMEVTDPEACYIGTEPWKPKEAVEENGVITDKADIFAFGLTLWEMMTLSIPHINLSNDDDDEDKTFDESDFDDEAYYAALGTRPPINMEELDESYQKVIELFSVCTNEDPKDRPSAAHIVEALEAA,-----------PPPGGGSEEEEEETTEEEEEE---SSS--PPPEEEEEE-TTS-HHHHHHHHHHHHHHHHHHHH---TTBPPEEEEEE-TTS-EEEEEE---SEEHHHHHHHHHHTT-----HHHHHHHHHHHHHHHHIIIIIS-EE-S--SGGGEEEETTTTEEEE--GGG-EE--TTSB---TT------GGG-BHHHHSTT---BTHHHHHHHHHHHHHHHHSS-TT---------TT----GGG--HHHHHHHTBSPPP--GGG--GGGHHHHHHHHHHT-SSGGGSPPHHHHHHHHH--
66,141,SLMEKAARAAKELSRESARAAKELADSNAKAAEDLMREIARSSSSERLLELMAEAIRELQKQAAESIADSQRLVVEAIIRLAEAVKQGASEKEIDEIVEEAKKRLEELAERSRQENKKIIDRAKYEMDEESGSLEHHHHHH,-HHHHHHHHHHHHHHHHHHHHHHHHHHHHHHHHHHHHHHHHS---HHHHHHHHHHHHHHHHHHHHHHHHHHHHHHHHHHHHHHHHHTT--HHHHHHHHHHHHHHHHHHHHHHHHHHHHHHHHHHHHHHHHHHHHHHTT---
67,81,GSHMGSEDYKLREAQRELDKQRKDTEEIRKRLKEIQRLTDERTSTADELIKELREIIRRLQEQSEKLREIIEELEKIIRKR,-PPSSHHHHHHHHHHHHHHHHHHHHHHHHHHHHHHHHHHHHT-S-HHHHHHHHHHHHHHHHHHHHHHHHHHHHHHHHHHH-
68,161,MGASSGSNISASNGSSSPTTIVASNPVDLNAFDRLNVVDPAVGKFRPGEAGAAAELENYLGGTLQRAPQGSSVDFVFSSGPNNGKTVDFMLTPDTVAQAAKINQFFDKNLNNFMNTLSDHAAAADFVPLASRFLSEANKTLLVKAIGNLPQKLQAKIILIK,---------------SSPEEE---SPP-HHHHHHH--EETTTTEE-HHHHHHHHHHHHHH-S-EEEPPTT-SSSEEE-SSTTTT-EE--BS--SSHHHHHHHHHHHHHHHHHHHHHHHHHHHH-SBEEE-GGGS-HHHHHHHHHHHHTS-HHHHTTEEEE-
69,120,KMAGSIVISKEVRVPVSTSQFDYLVSRIGDQFHSSDMWIKDEVYLPMEEGGMSFISTESLNSSGLSIFLATVMRARAASQAEESFPLYENVWNQLVEKLRQDARLGVSGNTSLEHHHHHH,----EEESSSS-EEE--HHHHHHHHHHHHTT--GGGHHHHHHHTHHHHHH--SEEE-TT--HHHHHHHHHHHHHHHHHHTTSTTHHHHHHHHHHHHHHHHH-GGGS--SSPPP-------
70,138,MITLRKLIGNINMTKEPEQQSPLELWFERIIDVPLEKLTVEDLCRAIRQNLCIDQLMPRVLEVLTKEPLAGEYYDGELIAALSTIKGEDLKDQKSTFTQIRQLINQLEPSDINDDLRKDILKINQIIVTSLEHHHHHH,--BHHHHH------S-GGGS-HHHHHHHHHTTSBGGG--HHHHHHHHHTT-SHHHHHHHHHHHHHH-TT--SSSTTHHHHHHTT--GGGGGGGHHHHHHHHHHHTTS-GGG--HHHHHHHHHHHH-----SSS--TT-
71,231,MNNNFQDNQTINLIQSRRSIRKFTTEQISDEQVNTLLHCAFAAPSGCNKQPWHITVVQDQKLLKEISDDTLSRIHEVSNVEINKNFKLFYGAPTVLFISYDESSSWAPYDIGILTGNITTAAQALGLGSCIIGMVRGLFTPVEQGDIEGLVSVLDKEDVKESESIKMKFDTNKKYRELLDIPEGYSVPFGIAVGIPDGNLPNAREVVYKVSRVAENLYFQGHHHHHHHHHH,----GGG-HHHHHHHH--B---B-SPPPPHHHHHHHHHHHHTS--GGG---EEEEEE--HHHHHHHHHHHHHHHHHHHSEEEPTTS-TTTT-SEEEEEEEETT-TTHHHHHHHHHHHHHHHHHHTT-EEEEEGGGGGGTSPPPHHHHHHHHTTS-GGGEEE-PPP--SS-HHHHHHHHTTPPTTEEEEEEEEEE-B-SSPPPPPPP--------TT---------------
72,81,GSHMGTSDYIIEQIQRDQEEARKKVEEAEERLERVKEASKRGVSSDQLLDLIRELAEIIEELIRIIRRSNEAIKELIKNQS,---HHHHHHHHHHHHHHHHHHHHHHHHHHHHHHHHHHHHHHT--HHHHHHHHHHHHHHHHHHHHHHHHHHHHHHHHHHTT-
73,123,SNAMRTFDLVTGESLFVNDLRVVRWEQYGLGTAMPFQAMWYSVPPGDESPIDQHPELELSIVVAGTAHVTVGDTVHEVPHGNAFLLNSLEAHVVQNRSADEVLTVFSAYWYPEAATAAAEALA,-PPP----TTTS--EEETTEEEEEGGGG--GGG-SSEEEEEEE-TT-BPPPB--SSEEEEEEEESEEEEEETTEEEEEETT-EEEEPTT--BEEE---SS--EEEEEEEE-HHHHHHHHHHH-
74,164,SNADKLAANNNERVKTIANDLIGDIDLSLYFDGTKDEQNPKIEQQEILVDGDEILGQYLIQALIQGPSQKGSLAPILPKDTKLLSFDIKDDIAIINLSKEAIVNMSATKEQATLEGIIATITQIPSINKINILVDNQMVDSLGGNFDISKPFGKEDIPNLKINN,-HHHHHHHHHHHHHHHHHHHHSSEEEEEEEEE--SBTTB--EEEEEEEEEHHHHHHHHHHHHHHH--SSSSS---SS-TT--EEEEEEETTEEEEEE-GGG-----HHHHHHHHHHHHHHHTTSTT--EEEEEETTEE-S-SSSSB--SS-B-GGGGGGGB---
75,309,MAHHHHHHMSLNVEAAHPFIAARIHGLDLSKPLSDERIVEIEQASGQYPVLIFPRQYIDDDQLLAFAAGFGPLQVAVSYSTRPEDHRLAPMINDISNLSKENQTYRPGDRRRMNNLTSRRWHSDASYLPLPARYSFLLSYIVPAVGGQTQFADMRAAYDKLPDHLRKVVEGLSCHYDIMASRAAAGFYDASDEERKALAPCIHELVRTHPISGRKSLYLSSHATHVVGWPEPEGRDLLRELTEFATQPQFVYSHEWSVRDLVMWDNRALMHRGRPHIPETDVREMHRATTLDDRTWTRGSNQPVAASVA,--------PPPEEEESSSSSEEEEES--TTSPPPHHHHHHHHHHHHH-SEEEETT----HHHHHHHHHTTSPBBPP--SSS-GGG--S-TTSEE-SSB-TTSPBPPTT-HHHHHHGGGGS-B-TTTTSSS-EEEEEEEEEE--SSB--EEEEEHHHHHHT--HHHHHHHTT-EEEE-HHHHHHTTT-----HHHHHHT--EEEESEEE-TTT--EEE---TTEEEETTS-HHHHHHHHHHHHHHHTSGGGEEEEPP-TT-EEEEETTTEEEEEPPBSSTTS--EEEEEEEE--SS--TT----B-TT--
76,74,GHMAFSNPFDDPQGAFYILRNAQGQFSLWPQQCVLPAGWDIVCQPQSQASCQQWLEAHWRTLTPTNFTQLQEAQ,-------TTS-TT-EEEEEEETTS-EEEEETTSPPPTTEEEEEEEEEHHHHHHHHHHH-TT---S---------
77,149,NAVTEEQLTFSQAMGDMLATWQLPRTTGRTYGYLLLQSEATSFQEIGADLGLSPGAVSTSVRELVAWGLARTIPQPGSRRLLVEAAGGFEQLLAASHERSRAFIRTLRSGQALADDDRVATRLVDLTDLFEAYVEAGEQMLRRRHEAGG,-PPPHHHHHHHHHHHHHHHTTT--HHHHHHHHHHHT-SS-EEHHHHHHHHT--HHHHHHHHHHHHHTTSEEEEEPTTSS-EEEEE---HHHHHHHHHHHHHHHHHHHHHHHTT-SSHHHHHHHHHHHHHHHHHHHHHHHHHHHHHHHH-
78,297,ANFTCAVASGTTCKSAILYTSPNATTYGNLVARFNTTTLPDLLGANGLPDGTLSSAPVAANSTVKIPFRCRCNGDVGQSDRLPIYVVQPQDGLDAIARNVFNAFVTYQEIAAANNIPDPNKINVSQTLWIPLPCSCDKEEGSNVMHLAYSVGKGENTSAIAAKYGVTESTLLTRNKIDDPTKLQMGQILDVPLPVCRSSISDTSADHNLMLLPDGTYGFTAGNCIRCSCSSTTYQLNCTAVQNKGCPSVPLCNGTLKLGETNGTGCGSTTCAYSGYSNSSSLIIQTSLATNQTTACQ,-PEE--SPTT-EEEEEEEEE-SS-EEHHHHHHHH-SS-HHHHHHHTT--TT--TT-EE-TT-EEEEEEEEEE-SSEEEESS-PEEEPPTT--HHHIIIIITTTSS-HHHHHHHTT-SSTT---TT-EEE---EE----BTTB-EEEEEEEPPTT--HHHHHHHHT--HHHHHHHHT-S-GGG--TT-EEEEEEEB-B----TTSTTTTT---BTT-EEEETTTTEEEEEETTTTEEEEEE---TTPPPPPPBTTTBPTT-EESSSTT-EEEEEEEEE-SSS-EEEEEEEE---GGG-
79,321,MSGDNPFDPELYKDAAVSAETRALNTALIDLLETSDDNWDIGVEEARARRDRGEGPFPAVPKSPRARTIQIPGKGGDIALRIIAPETPKGVYLHFHGGGWVFGSADGQDPMLERISDTTGLVCVSVEYRLAPEHPYPAGPDDCESAALWLVENAKREFGTDLLTIGGESAGGHLAAVTLLRMRDRHGFTGFAGANLVFGAFDLRWTPSARSYGNDRYLILRTLDLEKFDACFLPENVDRADPDISPLMANLHDMPPALFTVGTDDALLDDSLFMHARWAAAGNEAELAVYPGGAHGFVAFPGALAASAVQRMDAFLKRFTD,-----TT-GGGGSGGGS-HHHHHHHHHHHHHHHTSPPHHHH-HHHHHHHHHHT-SSSPPPPPPTT-EEEEEEETTEEEEEEEE--SS--EEEEEE--STTTS--GGGGHHHHHHHHHHH-EEEEEEEPPPTTTS-TTHHHHHHHHHHHHHHHHHHHHHS---EEEEEETHHHHHHHHHHHHHHHHH----EEEEEEES----TT--HHHHHS-SSS-SS--HHHHHHHHHHHSPTT--TTSTTT-GGGS--TTPPPEEEEEEEE-TTHHHHHHHHHHHHHTT--EEEEEEEEEETTGGGS-SHHHHHHHHHHHHHHHTTT-
80,271,MSYYHHHHHHLESTSLYKKAGSAAAPFTMDYKDDDDKDYKDDDDKNPDAAQAMSKIPVIGKIVKAITFIEIKEEKDQSSIDVKTPALSGLSNKELENSINEKYLKESQQLYKEFIQSTSKNKKGHLSIYSDYETVTDTPDLLSIRRNIETTQASSYTQSRYITIDKKNDILLTLKSLFKDERYIKVISQNIKEQMKQQMKEDPNKIYWLTDEDAEPFKTILPDQTFYITEDHKLVISFDEYEVAPGYMGVTEFTIPTGVISNLLVGERYIR,-----------SSHHHHHHHTTTS-----------S----------HHHHHHHTTS---TT--EEEEEEEEEEEETTEEEEEEEEEEE--S-HHHHHHHHHHHHHHHHHHHHHHHHHTSTT-----EEEEEEEEEEE-SSEEEEEEEEEEESSSEEEEEEEEEEETTTTEEE-TGGGBSSTHHHHHHHHHHHHHHHHHHHH-TT-----STTSSS------TT--EEE-TTS-EEEEE-TTTSS-GGG-SEEEEEPHHHHGGGBS-SSS--
81,281,GTRDGAAHVMHREVWMAVFSYLSHQDLCVCMRVCRTWNRWCCDKRLWTRIDLNHCKSITPLMLSGIIRRQPVSLDLSWTNISKKQLSWLINRLPGLRDLVLSGCSWIAVSALCSSSCPLLRTLDVQWVEGLKDAQMRDLLSPPTDNRPGQMDNRSKLRNIVELRLAGLDITDASLRLIIRHMPLLSKLHLSYCNHVTDQSINLLTAVGTTTRDSLTEINLSDCNKVTDQCLSFFKRCGNICHIDLRYCKQVTKEGCEQFIAEMSVSVQFGQVEEKLLQKLS,-----------HHHHHHHHHTS-HHHHHHHHHH-HHHHHHHT-GGG-SEEE-TT-S---HHHHHHHHHH--SEEE-TT----HHHHHHHHTT-TT--EEE-TT--HHHHTHHHHS--TT--EEE-TT-TT--HHHHHHHHSPP----TT----S-TTTT-SEEE-TT----HHHHHHHHHH-TT--EEE-TT-TT--HHHHHHHT-TT-SHHHH--EEE-TT-TT-BTHHHHHHTT-SS--EEE-TT-TB--HHHHHHHHHHHTTT--EEEEETTEEEE--
82,332,MGGGFAQDKNPLSTFGPDLNEFSRDVNFLTLAKNSDFIYLRASGSGTGKLRIDNKFLEFAKECRRLGIPCGAYHFAKPSKDLDSAVIQADQFIDVLQQGFGDGDYGDLFPVLDVETPTDKSLTTTELVNWIDRFRDRFEEKTRRRLMLYTGLFFIGLYDDFKVPGKGYPLSDMPLWIAMYTRIPSNPRIPPNVGGWKRWTMWQFTDEGKLDGVGSPVDLNWGPNSIDSLMPPSAVTGLNAYISGNKIFVNWTANKEDDLNGYNVFVNDNYAGTLPRKATKIVIDKSRFYLPKGKPIKISIEAFDITGDFSKERTEYILDNNGEFLGENLYFQ,---PPPP---TT--EEEEE-TT--S--HHHHHHH-S-EEEEEEE-TTSS-EE-TTHHHHHHHHHHHT--EEEEEE----S-THHHHHHHHHHHHHHHHHH-TT---SSPPEEE----TT--S-HHHHHHHHHHHHHHHHHHH-PPPEEEEEHHHHHHTGGGPBTTTB-TTTTS-EEEE--TTSTTS-SSPPSBTTBSS-SEEEEEEEEEETTEEEEEEEEE--SSGGGGSPPPPP-S-EEEEETTEEEEE-PPP--TTEEEEEEEETTEEEEEEETT--EEEEEGGGS---TTS-EEEEEEEEETT--B-SS-EEEEE-TTS-EEESS----
83,94,SNAVTVDDLVEGIAFSITHDSENPNIVYLKSLMPSSYQVCWQHPQGRSQEREVTLQMPFEGKYEVTFGVQTRGGIVYGNPATFTIDSFCADFVN,-----GGG--BTTTEEEEE-SS-TTEEEEEE-S-TTS-EEEEETTEEE-SSEEEEE--S-EEEEEEEEEEETTEEEE-PPEEEEE-S--GGG--
84,226,SNASVYDPAATADTVNPGNKIIYLTFDDGPGKYTQGLLDVLDKYNVKATFFVTNTHPDYQNMIAEEAKRGHTVAIHSASHKYNQIYTSEQAFFDDLEQMNSIIKAQTGNDASIIRFPGGSSNTVSKDYCPGIMTQLVNDVTARGLLYCDWNVSSGDANPKPISTEQVVQNVISGVQSHNVSVVLQHDIKEFSVNAVEQIIQWGQANGYTFLPLTTSSPMSHHRVNN,-------TT-PPPPP---SSEEEEEEES-SSTTHHHHHHHHHHTT---EEEEESSSGGGTHHHHHHHHTTPEEEEEESS--HHHHTS-HHHHHHHHHHHHHHHHHHHSS---EE--TT-TT-SGGGGTSTTHHHHHHHHHHHTT-EE---SEE-STTSSSPPPHHHHHHHHHHHHTT-SEEEEEEETT-HHHHTTHHHHHHHHHHTT-EE----TTSPPP-PPP--
85,74,TLFDNHPVQQYSGFNPIDFRFDDYVEGAKRFDNLANLIRSSTPTDPFANYQKPCESTSTSRSRTNSAKDQKHGP,-TTTTS-----TT--TT---HHHHHHHHHHHHHHHHHHHHHS-S-TTTT-------------------------
86,279,MGSSHHHHHHSSGLVPRGSHMEPEPLSEKALREASPAIEVFGEALVSGAYSKSWSYREDALLAVYKKLMEMSVSTPKEDLRNMLRAAIFLVRRAIKDIVSSVFQASLKLLKMIITQYVPKHKLGKLETSHCVEKTLPGLLSRTGDSSSRLRIVAAKFIQEMALWSEVKPLQIVPVHLVQLLKPNSPTHLAMSRVELVECLLKEMGTENSGFTISNVMKFATGALEHRVYEVRDVALRIIFGMYRKHKAAILEYLPPDDASIRKTVLYKTLFDGFTKIDG,--------------------PPPPPPPHHHHHHTHHHHHHH-HHHHHHHH-SSHHHHHHHHHHHHHHHHH--TTS-HHHHHHHHHHHHHHHHHHTT-SSHHHHHHHHHHHHHIIIIIHHHTT--HHHHHHHHHHHHHHHHHHTT-S-HHHHHHHHHHHHHHHHSTTTGGG-HHHHHHTSPPPTTS-HHHHHHHHHHHHHHHHHH-SSSSS--HHHHHHHHHHHHT-SSHHHHHHHHHHHHHHHHHHGGGGGGGS--TT-GGGGSHHHHHHHHHHHHHH-
87,92,MGPVTLIKDIENQTVLKDNDAVFEIDIKINYPEIKLSWYKGTEKLEPSDKFEISIDGDRHTLRVKNCQLKDQGNYRLVCGPHIASAKLTVIE,--SEEEEE----EEEETTS-EEEEEEEEE-STT--EEEEETTEEP--SSSEEEEEETTEEEEEE-S--GGG-EEEEEEETTEEEEEEEEEE-
89,387,MGSDKIHHHHHHENLYFQGRDKPLVFFNRQPSDPLTGKVDMAAMNWNDKTYYVGFDAKFGGSIQGKMILDFLASSESSVDRNGDGIIGYVLCIGDVGHNDSKVRTEGIRRALGTWTGSSDPGQAKEGQAVVGGKSYKVVELEGKAMTGTDGSTWNTNSATESMGSWVAKFADKIDLVISNNDGMAMGCLQASNYPRGLPIFGYDANADAVESVGKGELTGTVSQNVDAQAVAVLQIIRNLLDGSSGEDVVANGISRPDAHGNKISAPVQYWEDVKAIMADNSEVTSANWKEYTRGARDAGVRQVSAPTKKVLLTVHNASNDFLASAYLPALKHYAPLLNVDLTVVQGDGQNELSCLDKFTNLDMFDAFAVNMVKTNSGADYTDKLKY,------------------GGGS-EEEESS-SB-TTT--B-HHHHTSSTTEEEEEE-GGGHHHHHHHHHHHHHHHS-GGGSSS-SSEEEEEEEE--TTSHHHHHHHHHHHHHTT---S--STT----EEEEETTEEEEEEEEEEEE---TTS-SS-HHHHHHHHHHHHHHHGGG--EEEESSHHHHHHHHT-TTPPTT--EE-SS--HHHHHHHHHTSS-EEEE--HHHHHHHHHHHHHHHHTT--THHHHHBTTTB--TTS---SS-EEEEGGGTEEEEPPEEEETTTGGGGSTT---TT-----SPPEEEEEEESBTT-HHIIIIIHHHHHHHHHHTTEEEEEEE-BSS-THHHHTTS--GGG-SEEEE--SSTT-HHHHHHHH--
90,126,GMSQNRQLLYPREEMVSLVRSLDRPQENGLFSQDVLLQYPELAESYTKVCPNRCDLATAADRAAKGAYGYDVQLTTLKEDIRLMVNNCILFNGAEGAYADAARTFEKFAMGKIDAYISQKVGGRRL,-----PPP-S-HHHHHHHHHTT--GGGTTTTTS-HHHH-GGGHHHHHHH-SS---HHHHHHHHHTT-S-SSTT-HHHHHHHHHHHHHHHHHH-SSSHHHHHHHHHHHHHHHHHHHHHHHHHHTS--
91,314,IAKVITIHNFKGGVGKTTTTAIIAMGLGAMGKRVLLIDFDAQMSLTQIFVREEDRLKILESSHDVTQDKSAFALLRTMEPARIKFFHEGKGVKFGIDVIPGSYMSIFKLMFEGYIPIQSEWNILRMLDLYRDQYDYILIDTAPSDTVTIKPILRASHYLLIPEDGTPEAFTAMRIFLNEALPKYILPRPEGGFYKYPRILGVILTRVRRNSTAILMKHNKILEEELSNSELKDHVIYPPYFGADKDNPEDYILSSRKEYLSDLIWRDEKRAPISEVFDKLFLVDDKVQKDLYAFFSKVFTEIPKEVVRRVENDQ,-PEEEEE--SSTTSSHHHHHHHHHHHHHHTT--EEEEE--TT-HHHHHHS-HHHHHHHHHHTTSTTT--SGGGGGGT-----EEEEEEETTEEEEEEEE---HHHHHHHHHS-------TTHHHHHHHTTTTT-SEEEEE--TT-TTTHHHHHHH-SEEEEEE-S-HHHHHHHHHIIIIIHHHHSPBPTTSSB-S-SEEEEEEEBS--SSHHHHHHHHHHHHHHHHHTSTTGGGB-SSSBTTTTSS-GGGG-B---HHHHS----SS-SS-HHHHHHHGGGTS-TTTSHHHHHHHHIIIIIHHHHHHHHHHHT-
92,403,MPGFELFGPEEKQEVADVMEHGFTFRYNFDHMRNDRWKTRDMEQLLCEKMNVKHAHLLSSGTAALQTAMMAAGIGAGDEVIVPPFTFVASVEAIFMAGAVPIFAEIDETLCLSPEGIEAVITPRTKAINLVHMCGSMAKMDEIKAICKKHNLVLLEDACQAIGGSYKGQALGTIGDVGCYSFDSVKTITCGEGGAVITNNTEIYDNAHMFSDHGHDHIGKDRGAESHPIMGLNFRISEMNAALGLAQLRKLDTIIDIQRKNKKAIKDAMASIPEVSFREIPDPEGDSAGFLSFMLPTEARTQEISKKLAANGVDGCFYWYVNNWHYLKNWKHIQELKAPAALPITLIADRPDYTQISVPKSDAIMSRTISMLIKLSWTDAQIAERIENIKKAFAQLEHHHHHH,--GGGG--HHHHHHHHHHHHTS-SSSSS-GGGTTT--HHHHHHHHHHHHHT-SEEEEES-HHHHHHHHHHHTT--TT-EEEE-SBS-THHHHHHHHTT-EEEE--B-TTSSB-HHHHHHH--TTEEEEEEE-GGG----HHHHHHHHHHHT-EEEEE-TTTTT-EETTEETTSSSSEEEEE--TTSSS--SS-EEEEES-HHHHHHHHHHTBTT----SS-GGG----S---B-PPPHHHHHHHHHHHHTHHHHHHHHHHHHHHHHHHHTTSTT-EE---S-GGG---SEEEEE-SSHHHHHHHHHHHHHTT--SEE-GGG-TTTBGGG-HHHHTT--SS--GGGG-TT---GGG---HHHHHHHTTEEEEEPPSS--HHHHHHHHHHHHHHHH---------
93,256,MKHSYFISDLHLSETQPELTALFVDFMQNLAPQAERLYILGDLFDFWIGDDEQSALIQQVKDLIKFVSDQGVQCYFQHGNRDFLIGERFSKETGAQLLPDYQLITLYDKKILLCHGDTLCIDDEAYQQFRRRVHQKWLQRLFLCLPLKVRVIIAEKIRAKSNQDKQAKSQEIMDVNQAFTAEKVQEFGVNLLIHGHTHREAIHQQEEFTRIVLGDWRKNYASILKMDESGEFGFIKDLEENLYFQSHHHHHHHHHH,--EEEEE----B-TT-HHHHHHHHHHHHHTGGGSSEEEEES-SBS----TT---HHHHHHHHHHHHHHHTT-EEEEE--SSSTT--HHHHHHH-PEEE-SSEEEEETTEEEEE--SGGG-TT-HHHHHHHHHHT-HHHHHHHHTS-HHHHHHHHHHHHHHHHHHHHHS-TTTTSPPHHHHHHHHHHHT-SEEEE-SS---EEEE-SS-EEEEPPPPBTTB---EEEETTS-EEE-S-HHHHHHHHHHTTSSS----
94,199,SMQQDIVNDHQEEAQGWKWEQIKEIIESGELARLKRSRQMTDKYHEHKKRTAGLDMNQYVLQKLGWSLDEPQLENAAAKAFSSSTLYAVRANDFPYNFEPGVVHLVLWSKVALPVHSPDKAVREAARARMNAFLQAQPLLRPLLSSGHVAWFVNYPELQSVARIFHAHVLLFFPRERYSAEQVKTTVDDILSHGFEPLA,-HHHHHHHHHHHHHH-B-HHHHHHHHHHT-GGG----HHHHHHHHHHHHHTTTS-HHHHHHHHHT--S-SPPPTTHHHHTTSSGGGEEEEE-SS---B-TTEEEEEEEESS---TT-SSHHHHHHHHHHHHHHHHT-GGGHHHHTTT-EEEE---GGG-SS-SSEEEEEEEE--TTT--HHHHHHHHHHHHHH-PPP--
95,100,GPAAAPALDTLPAPTSLVLSQVTSSSIRLSWTPAPRHPLKYLIVWRASRGGTPREVVVEGPAASTELHNLASRTEYLVSVFPIYEGGVGEGLRGLVTTAP,-PPP----TTS---EEEEEES--SS-EEEEEE--SS--SEEEEEEEETTS---EEEEEETT--EEEE-SPPTT-EEEEEEEEEETTEE---EEEEEE---
96,55,SNAMKYFQIDELTLNAMLRITTIESLTPEQRLELIKAHLLNIKTPSDDNEPWDEF,----------HHHHHHHHHHTT-TTS-HHHHHHHHHHHHTTPPPPP--S-GGG--
97,563,ESFADMMKHGLTEADVGITKFVSSHQGFSGILKERYSDFVVHEIGKDGRISHLNDLSIPVDEEDPSEDIFTVLTAEEKQRLEELQLFKNKETSVAIEVIEDTKEKRTIIHQAIKSLFPGLETKTEDREGKKYIVAYHAAGKKALANPRKHSWPKSRGSYCHFVLYKENKDTMDAINVLSKYLRVKPNIFSYMGTKDKRAITVQEIAVLKITAQRLAHLNKCLMNFKLGNFSYQKNPLKLGELQGNHFTVVLRNITGTDDQVQQAMNSLKEIGFINYYGMQRFGTTAVPTYQVGRAILQNSWTEVMDLILKPRSGAEKGYLVKCREEWAKTKDPTAALRKLPVKRCVEGQLLRGLSKYGMKNIVSAFGIIPRNNRLMYIHSYQSYVWNNMVSKRIEDYGLKPVPGDLVLKGATATYIEEDDVNNYSIHDVVMPLPGFDVIYPKHKIQEAYREMLTADNLDIDNMRHKIRDYSLSGAYRKIIIRPQNVSWEVVAYDDPKIPLFNTDVDNLEGKTPPVFASEGKYRALKMDFSLPPSTYATMAIREVLKMDTSIKNQTQLNTTWLR,--HHHHHTTSPPSGGGT----S--PPP---EE-SSGGGEEEEEE-TTSPBP-----PPPP-TTSPPTHHHHSS-HHHHHHHHHHHTT-SS-SEEEEE-SS--HHHHHHHHHHHHHHSTT-EEEEEEETTEEEEEEEPPPSGGGGSPPP-PPPPSSS-SEEEEEEEEES--HHHHHHHHHHHHT--GGGEEES----SSSEEEEEEEEET--HHHHHHGGGT-SSEEEEEEEEESS---TT---EEEEEEEEES----HHHHHHHHHHHHHT-EE----GGGG-SSSS-HHHHHHHHHTT-HHHHHHHHHS--SS---HHHHHHHHHHHHH--HHHHHHT-S-TTSHHHHHHHHHHHH-TT-HHHHHTTS-HHHHHHHHHHHHHHHHHHHHHHHHHHHTTS--TT-EEEETTEEEEPPTTTGGG--TTTEEEEESSTT----SSTHHHHHHHHHHHTT--TT----SSGGG----EEEESEEPPEEEEEEEEEES-TTS-SS--HHHHHTTPPPPP--SS-SEEEEEEEEEE-TT--HHHHHHHHHTS--SHHHHHHHHHHH--
98,107,GYLDTSFYKQCRSILHVVMDLDRDGIFARDPSKLPDYRMIISHPMWWDLIKARLTRYEYTSPSAFINDMRLVVQNCYDYNREESPFSTLARRIEIAMEDLFVTELSL,-PPPHHHHHHHHHHHHHHHHH-TT-TTTS-GGGSTTHHHH-SS---HHHHHHHHHTT---SHHHHHHHHHHHHHHHHHHS-TTSHHHHHHHHHHHHHHHHHHHHH--
99,277,MCGRTSCHLPRDVLTRACAYQDRRGQQRLPEWRDPDKYCPSYNKSPQSNSPVLLSRLHFEKDADSSERIIAPMRWGLVPSWFKESDPSKLQFNTTNCRSDTVMEKRSFKVPLGKGRRCVVLADGFYEWQRCQGTNQRQPYFIYFPQIKTEKSGSIGAADSPENWEKVWDNWRLLTMAGIFDCWEPPEGGDVLYSYTIITVDSCKGLSDIHHRMPAILDGEEAVSKWLDFGEVSTQEALKLIHPTENITFHAVSSVVNNSRNNTPECLAPVAENLYFQ,----EEE---HHHHHHHT-EE-TTS-EE-PEESSGGG---EEEE-TTSEEEEEEEGGGT-TTS-TT-EEEEEEEES---TT--SS-GGG--S--SEEEGGGTTTSHHHHHHHHTT-EEEEEESEEEEEEEPTTSS-EEEEEEEPPPP--TT-PPTT--SSHHHHHHHHTT---EEEEEEEEEE--TT----EEEEEEEEEEPPGGGTTT-SEEE-B--SHHHHHHHH-TTTS-HHHHHTT-S--S--EEEEB-GGGGSTT--SGGGT-B----TT--
100,519,SERDKKELVNAIEDRAACFLTKQWSLSPIGSAVPGTRTVAILCCQETADLAAEVSSYFPNHLLIDVSRIENDQSDIDWKEFDGLVDVIGCGWDDEGRLDWIEWVQRLVEFGHKEGLRLLCVTKGLESFQNTSVRMAGASRAGLYRMLQCEYSHLISRHMDAEEVTDHRRLAKLIADEFYSDSYDAEVCYRDGLRYQAFLKAHPETGKATEQSAVFPKDHVLLITGGTRGIGLLCARHFAECYGVKKLVLTGREQLPPREEWARFKTSNTSLAEKIQAVRELEAKGVQVEMLSLTLSDDAQVEQTLQHIKRTLGPIGGVIHCAGLTDMDTLAFIRKTSDDIQRVLEPKVSGLTTLYRHVCNEPLQFFVLFSSVSAIIPELSAGQADYAMANSYMDYFAEAHQKHAPIISVQWPNWKETGMGEVTNQAYRDSGLLSITNSEGLRFLDQIVSKKFGPVVLPAMANQTNWEPELLMKRRKPHEGGLQEAALQSPPARDIEEADEVSKCDGLLSETQSWLIDLF,-HHHHHHHHHHHHTEEEEEEEEEEEE-----B---SSEEEEEE-GGGHHHHHHHHTT-SSEEEEEGGG--S--TT--GGGEEEEEE-GGGSS------HHHHHHHHHHHHS-SS-EEEEEEEES-S-TT-SS---TTHHHHHHHHHHHHH-TTEEEEEEEE-SS--HHHHHHHHHHHHTB---BSEEEEETTEEEEEEEEE-TTTTPPPPPPPPPPTTSEEEEETTTSHHHHHHHHHHHHHS---EEEEEESSPPPPGGGGGGGTT--SHHHHHHHHHHHHHHTT-EEEEEE--TT-HHHHHHHHHHHHHHT--EEEEEE-------S--SGGG--HHHHHHHHTTTTHHHHHHHHHHTTS--SEEEEEEEGGGT-GGGTTT-HHHHHHHHHHHHHHHHHTTTS-EEEEEE--BSSSSS-----HHHHHTTEEPBPHHHHHHHHHHHHHS---SEEEEEEEETTS--GGGTTBPPPPPTTHHHHHHHSSPPPPP-----SSTHHHHHHHHHHHHHHTT-
101,150,MVKVHFAEQDINDLKEISATLERVLNHPDETQARRLMTLEDIVSGYSNVLISLADSQGKTVYHSPGAPDIREFTRDAIPDKDAQGGEVYLLSGPTMMMPGHGHGHMEHSNWRMINLPVGPLVDGKPIYTLYIALSIDFHLHYINDLMNKL,-HHHHHHHHHHHHHHHHHHHHHHHHT-TTS-HHHHHHHHHHHHHT-TTEEEEEEETTS-EEEE-TTS--GGGTGGG-EE-TT-SSS--EEEEEEEEEEE-SSSSEEEEEEEEEEEEEEEEEETTEEEEEEEEEEE-HHHHHHHHHHHTT-
102,101,EFSEDCENIFHDNAYLLKLDCEAGRVDPVEYDDISDEEIYEITVDVGVSSEDQEKVAKIIRECIAQVSTQDCTKFSEIYDCYMKKKICNYYPENMHHHHHH,---HHHHHHHHHHHHHHHHHHHTTS--GGGGGG--HHHHHHTTGGGT--HHHHHHHHHHHHHHHHH----STTHHHHHHHHHHHTTGGGGS-S----S---
103,215,GKKEFLKHEYSPGHWSIDYTRAGTSIAVITVRNKYHYSVILNPTDCRGYRIIIRYLNEGDSTLSSAFNRPYTVSEQRGLNDVASLMTQVYEKLGLIVQFSQLGNNSQSFDKGTGVTLIGSEEEPSMLHLHMWGRGDPDMEYIAGVPLRGPEPGLMFDLIAKNKTHPINQHAIKWNEEELKACLAMFKLKLAEYVNSPEFTEEFGDTLKVTIHDKK,-EEEE------TTSTTTSTTTTS-EEEEEEETTTEEEEEEE-TT--GGG-EEEEEEEETT--GGGGSSS---HHHHHHHHHHHHHHHHHHHHTT-EEEEE---GGGEEEETTTTEEEE--SSS----EEEEEEES-TT--SBTTB---SPPTTS---SS---TTTTTT----PPPHHHHHHHHHHHHHHHHHHHTSHHHHHHHTTTEEEEE----
104,111,AMPSYNNARLLEKRLQNCDTQLNQFFNGQELSIKFLQQLNQIKYFYNSAFNKTENEDDGLEVVEEYENFISLVSQVKSGQINADKAFETIKDTTESRQADVIIANFFKVCE,----STTHHHHHHHHHHHHHHHHHHTTT----HHHHHHHHHHHHHHHHHHHT--SHHHHHHHHHHHHHHHHHHHHHHHTSS-HHHHHHHHGGG---HHHHHHHHHHHHHH-
105,177,ESDTGLWLHNKLGATDELWAPPSIASLLTAAVIDNIRLCFHGLSSAVKLKLLLGTLHLPRRTVDEMKGALMEIIQLASLDSDPWVLMVADILKSFPDTGSLNLELEEQNPNVQDILGELREKVGECEASAMLPLECQYLNKNALTTLAGPLTPPVKHFQLKRKPKSATLRAELLQKS,-HHHHHHHHHHH--TT--SPPGGGGGT--HHHHHHHHHHGGGS-HHHHHHHHHHGGGS-HHHHHHTHHHHHHHHHHHTT-S-HHHHHHHHHHTTHHHHSS-----TTT-HHHHHHHHHHHHHHHHS-GGGGS-GGGGGS-HHHHHHHH-SPPPP--SS--SS--HHHHHHHHHHHH-
106,405,GEITSVSTACQQLEVFSRVLRTSLATILDGGEENLEKNLPEFAKMVCHGEHTYLFAQAMMSVLAQEEQGGSAVRRIAQEVQRFAQEKGHDASQITLALGTAASYPRACQALGAMLSKGALNPADITVLFKMFTSMDPPPVELIRVPAFLDLFMQSLFKPGARINQDHKHKYIHILAYAASVVETWKKNKRVSINKDELKSTSKAVETVHNLCCNENKGASELVAELSTLYQCIRFPVVAMGVLKWVDWTVSEPRYFQLQTDHTPVHLALLDEISTCHQLLHPQVLQLLVKLFETEHSALDVMEQLELKKTLLDRMVHLLSRGYVLPVVSYIRKCLEKLDTDISLIRYFVTEVLDVIAPPYTSDFVQLFLPILENDSIAGTIKTEGEHDPVTEFIAHCKSNFIMVN,-----HHHHTTSHHHHHHHHHHHHHHHHHTHHHHHHHHHHHHHHHHTTSHHHHHHHHHHHHHHTTSTTTHHHHHHHHHHHHHHHHHTT--THHHHHHHSGGGG-HHHHHHHHHHHHHTS--HHHHHHHHHHHTSSSPPPGGGG--HHHHHHHHHHHHSTT----HHHHHHHHHHHHHHHH-EEEEETTEEEEEE-TTHHHHHHHHHHHHHHHH-TT--HHHHHHTHHHHHHHHTSHHHHHHHHHHHHHHHTSTTHHHH---SS-HHHHHHHHHHHH-GGGHHHHHHHHHHHHHS--TTS-HHHHHHHHHHHHHHHHHHHHTT-HHHHHHHHHHHHHHT-S-HHHHHHHHHHHHHH--SPPPHHHHHHHHHHHT-HHHHHHH--SSS--HHHHHHHHHHHHS----
107,292,GPVTSSLSAEEAQLKVWIQSQIHPRELFGVLSLGKRAAKLDDNPDFVQWLRLVKDFRANNGNQAFSDLDIYYLLLKTNSPEQLKLLFETLRHTPGMTKIGASMEKSLSGNWIRKALEQDTYPTIVYNTLRLKDAGTKLDDTPMFRQWLEYVEKYWNKNAGAFFGDTQMLTLFQKTMTEEEDIIKLVHMLRNNPGMKSHADKLERYLLLTSESSHKTMADVWLKARETPEEVFRILRLAEKQTAAADDNRMLNLWLRYTQTYRDKIDKNAFSDAEALQFFRKAKPLDFDWEIV,--------HHHHHHHHHHHTT--HHHHHHHTTGGGS---SSS-HHHHHHHHHHHHHHHHH-GGGG-HHHHHHHHHTTS-HHHHHHHHHHHHHSTTTHHHHHHHHHHTS-TTHHHHHHTT--HHHHHHHTTGGGGGGGTTT-HHHHHHHHHHHHHHHHTTT-SS-HHHHHHHHHTT---HHHHHHHHHHHTTSTTTHHHHHHHHHHHHHH-STHHHHHHHHHHHHT--HHHHHHHTTTTS--SSHHHHHHHHHHHHHHHHHHHHHT-TTS--HHHHHHHHHHHSPP-TT----
108,332,MEQRVVIATTGGTYEKALREAWFEPFTKATGIKVVTVSGTDAEKRAKVTAMVQTGNVTWDLYLDGEIQAGSDAHFAITEDLSDFCMQFINSTDLLADSCTRGGAKLQSTSTLLAYKLNENGSNPQTWADMWDLAKFPGARSFPNFDDPWRVLAAALLADGVPREKLFPLDVDRAFRKLDELRDSVQVWWRTGDQSVQAFRNDEYRVGQIWLTRAKALKAEGYKIGWSYDGAFLVGDRIALVRGAPNRENALKLIEFWLRNPAAQAKACETLSCTPPSQKAISQMSSEARATLPSAADVENRIIVPDAQWINANMGMLVQRWNSWIRHHHHHH,---EEEEEE--HHHHHHHIIIIIHHHHHHH--EEEEEE--HHHHHHHHHHHHHHT----SEEEEETTGGGSHHHHHHB---HHHHGGGTT-SSB-TTSEETTEEEEEEEEEEEEEEPPTTS----SHHHHH-TTTS-S-EEEE-SS-THHHHHHHHHHTT--GGG-PSP-HHHHHHHHHHHGGGEEEEESSHHHHHHHHHTTS-SEEEEEHHHHHHHHHTT--EEEEEEEEEEEEEEEEEBTT-TTHHHHHHHHHHHHH-HHHHHHHHHHHT-B-SBHHHHHHS-HHHHHTSPPHHHHHHT-B---HHHHHHHHHHHHHHHHHHHHHHHT--
109,91,MPHSPEDKKRILTRVRRIRGQVEALERALESGEPCLAILQQIAAVRGASNGLMSEMVEIHLKDHLVSGETTPDQRAVRMAEIGHLLRAYLK,---SHHHHHHHHHHHHHHHHHHHHHHHHHHTT--HHHHHHHHHHHHHHHHHHHHHHHHHHHIIIIISS---HHHHHHHHHHHHHHHHHHT-
110,315,GALARPCDCDVGGALDPQCDEATGQCRCRPHMIGRRCEQVQPGYFRPFLDHLTWEAEGAHGQVLEVVERLVTNRETPSWTGVGFVRLREGQEVEFLVTSLPRAMDYDLLLRWEPQVPEQWAELELVVQRPGPVSAHSPCGHVLPRDDRIQGMLHPNTRVLVFPRPVCLEPGLSYKLKLKLTGTGGRAHPETPYSGSGILIDSLVLQPHVLMLEMFSGGDAAALERRTTFERYRCHEEGLMPSKTPLSEACVPLLISASSLVYNGALPCQCDPQGSLSSECNPHGGQCRCKPGVVGRRCDACATGYYGFGPAGCQA,-PPPPP----TTTEEEEEE-TTT--EEEPTTEESTTS-EEPTTEEBPPTT-SEEEGGG-EESS-EEEE----TTS--SSSTTEEEEEETT-EEEEEE---SSSEEEEEEEEEE--STT-EEEEEEEEE-SSPPPTTSTTTT--GGGGEEEEEEPTT-SEEE-SS-EEE-TT--EEEEEEEEEEE----TT-S---SEEEEEEEEEEE-GGGSHHHHS-SHHHHHHHHHHHHTTGGGGGT-SSPPPPPTTHHHHHHHHHHHHHTSPEE----TTTEEEEEE-TBTT-EEEPTTEETTTT-EEPTT-EEEETTEEE-
111,215,GPMDTKFKDDLFRKYVQFHESKVDTTTSRQRPGSDECLRVAASTLLSLHKVDPFYRFRLIQFYEVVESSLRSLSSSSLRALHGAFSMLETVGINLFLYPWKKEFRSIKTYTGPFVYYVKSTLLEEDIRAILSCMGYTPELGTAYKLRELVETLQVKMVSFELFLAKVECEQMLEIHSQVKDKGYSELDIVSERKSSAEDVRGCSDALRRRAEGRE,-HHHHHHHHHHHHHHHHHHHHHHHGGGS-PPPPPTHHHHHHHHHHHT-TT--GGGG-SSS-HHHHHHHHHHH-TT--HHHHHHHHHHHHHHHHHHHH-TT-GGGGEEETTSHHHIIIIITTS-HHHHHHHHHHTTEEEETTTEEEE-S---HHHHHHHHHHHHHHHHHHHHHHHHHHHTGGGT--HHHHHHHHHH--S-HHHHHHHHHHHHHTT-
112,400,MIVRGINMTKIKLESPGFMVHKKLKSMSQSYGVMMTGVPAEVLGQMQAERSIPSINKTGNLKQQIAKEVSKVCHMMTEPTQSCGQASNDVCELLLGKIEAEKFHFTKYEALSADGDNLKNVLENTAPSSTNLLIRFEIDREDPPIVLVKTKNENFNPETAVKNKIYLLENKLYFIDKMGNLFNLGPGKKKCTQLFNAIGDSAEYSLCDPFVLEEPEKPEDFAISEIVDIFNEQKERFDFWIGSHSFTIYIPQTLGESPRQFYPYQAYFGSHTLQDWFVSDKDEYLSRIGIDKYIEKLAVLGKTTNTKERSDIYAEFFSKRGREAFFCAHLNEKRQPLRVKFKITEINPELALKNLQETQEFIDTHPGENPSDKVENYRNRAKLAMTEHLESLLDIKPESS,------------PPPHHHHHHHHHHHHHHHHGGGGG---HHHHHHHHHHHHGGGS-TTS-HHHHHHHHHHHHHHHHHS----HHHHHHHHHHHHH-HHHHHHHHHSPPEEPPSSSHHHHHHHHTS-TTT--EEEEEEEEEE----EEEE--GGG--TTTSPSSEEEE-SS-EEEE-TT--EEE----HHHHHHHHHHS-S-SEEESS-HHHHHS--SHHHHHHHHHHHHHHTTGGGS--EEEEEEEEEEEPPP-TTPPP--EEE--BTTTB-HHHHHHTTHHHHHHTT-HHHHHHHHHHHHH---HHHHHHHHHHHHSPTT-HHHHTSGGG---S-EEEEEEEEE--HHHHHHHHHHHHHHHHTS--SSHHHHHHHHHHHHHHHHHHHHHHHTT-PPP--
113,263,FIKFVTGLEDSLGTIKKKQHSFFVSLTLPDVRGADQILEQACVGSDAVELRVDLLEDPDSSNGIPTVDFVADQISYLRSRITLPVIFTIRTKGQGGRFPDDAHAEAMQLYRLAVRSGCEFVDLEIAFPDEMLRAVTEMKGYSKIIASHHDPNGELSWANMSWMKYYNRALEYGDVIKLVGVARNLDDNTALRKFKNWAEEAHDVPLIAINMGGNGQLSRILNGFMTPVSHPALPFRAAPGQLSATDIRKGLSLMGEIKKGAAL,-HHHHTT---HHHHHHTSSS-EEEEE--S--TT-HHHHHHHTTT-SEEEEEGGG---TT-SSSSPPHHHHHHHHHHHHHH--SPEEEE--BGGGTSSB-TT-HHHHHHHHHHHHHTT-SEEEEETTS-HHHHHHHHHH-TTPEEEEEEE-TT----TTSGGGHHHHHHHHHH-SEEEEEEE-SSHHHHHHHHHHHHHHHHH-SS-EEEEEESGGGHHHHHH--SSEEEB-TTSSS-SSTTPPBHHHHHHHHHHTTSS-TT---
114,348,MSKKFFLSLGLVALLFSNSQAIDENLIKAAQAEGRVNSLAMPDTWANWKDTWADLKNLYDIEHSDTDMSSAQEIAKFKTEKKNASGDIGDVGASFGEIAVKQGVAQPFKTSYWDQIPTWAKDKDGNWLLAYTGTIAFIVNKDVVKDIPKTWQDLLKGNYKITVGDVSVAAQAVSAVLAANYALGGDEKDLSPALAFFNTLAKQGRLVNNDVSIANLEKGEVEVGLVWDFNGLGYRDKVGKDRYEVLIPADGSVISGYTTIINKYAKHPNAAKLAREFILSDKGQINLAKGYARPIRIDHITLPDDIKAKLLPSEQYKNARAIKDQKAWEKSAKELPQLWQEKVIVDMK,-------------------PPPPHHHHHHHHHH-EEEEES--TTSTTHHHHHHHHHHHH--EEEEE---HHHHHHHHHHHGGG-S-SEEEEEGGGHHHHHHTT-B-----TTGGGS-GGGB-SSSSEEEEEEEEEEEEEETTT-SS---SHHHHHH--S-EE---TTT-HHHHHHHHHHHHHTT--SS--HHHHHHHHHHHHTT-EE-S---HHHHHHT--SEEEEEHHHHHHHHHHH-TTTEEEE--TT-EEEEEEEEEEBTT-SSHHHHHHHHHHHHSHHHHHHHHHTTPEETTGGGS---HHHHTTSPPGGGGTTEEE-S-HHHHHHHHHHHHHHHHHHTGGG--
